v_num_id,ki,start_time,end_time,charge_time,mileage_add,coef,pkk+1,power_per_SOC,station_id,start_soc
4001,0,442.0,450.0,8.0,18.0864068826384,0.015,1.15,5,3588,70
4001,1,512.0,518.0,6.0,18.0864068826384,0.015,1.15,5,3588,70
4001,2,580.0,586.0,6.0,18.0864068826384,0.015,1.15,5,3588,70
4001,3,648.0,654.0,6.0,18.0864068826384,0.015,1.15,5,3588,70
4001,4,717.0,722.0,5.0,18.0864068826384,0.015,1.15,5,3588,70
4001,5,785.0,790.0,5.0,18.0864068826384,0.015,1.15,5,3588,70
4001,6,853.0,858.0,5.0,18.0864068826384,0.015,1.15,5,3588,70
4001,7,921.0,926.0,5.0,18.0864068826384,0.015,1.15,5,3588,70
4001,8,989.0,994.0,5.0,17.631710826525598,0.015,1.15,5,3588,70
4001,9,1056.0,1062.0,6.0,17.631710826525598,0.015,1.15,5,3588,70
4001,10,1124.0,1130.0,6.0,17.631710826525598,0.015,1.15,5,3588,70
4001,11,1190.0,1198.0,8.0,10.296332103967199,0.015,1.15,5,3588,70
4001,12,1258.0,1266.0,8.0,17.631710826525598,0.015,1.15,5,3588,70
4001,13,1326.0,1334.0,8.0,17.631710826525598,0.015,1.15,5,3588,70
4002,0,654.0,660.0,6.0,33.3525789942768,0.015,1.15,5,165,70
4002,1,742.0,750.0,8.0,53.0832577882632,0.015,1.15,5,165,70
4003,0,534.0,540.0,6.0,15.8893436678328,0.015,1.15,5,165,70
4003,1,594.0,600.0,6.0,7.2263966474064,0.015,1.15,5,165,70
4003,2,654.0,660.0,6.0,15.8893436678328,0.015,1.15,5,165,70
4003,3,714.0,720.0,6.0,7.2263966474064,0.015,1.15,5,165,70
4003,4,774.0,780.0,6.0,15.8893436678328,0.015,1.15,5,165,70
4003,5,834.0,840.0,6.0,7.2263966474064,0.015,1.15,5,165,70
4003,6,894.0,900.0,6.0,15.8893436678328,0.015,1.15,5,165,70
4003,7,954.0,960.0,6.0,7.2263966474064,0.015,1.15,5,165,70
4003,8,1014.0,1020.0,6.0,15.8893436678328,0.015,1.15,5,165,70
4003,9,1074.0,1080.0,6.0,7.2263966474064,0.015,1.15,5,165,70
4003,10,1134.0,1140.0,6.0,14.532144907305598,0.015,1.15,5,165,70
4003,11,1194.0,1200.0,6.0,11.760853873622398,0.015,1.15,5,165,70
4005,0,566.0,572.0,6.0,10.0071930705624,0.015,1.15,5,100,70
4005,1,614.0,620.0,6.0,18.0864068826384,0.015,1.15,5,3588,70
4005,2,683.0,688.0,5.0,18.0864068826384,0.015,1.15,5,3588,70
4005,3,751.0,756.0,5.0,18.0864068826384,0.015,1.15,5,3588,70
4005,4,819.0,824.0,5.0,18.0864068826384,0.015,1.15,5,3588,70
4005,5,887.0,892.0,5.0,18.0864068826384,0.015,1.15,5,3588,70
4005,6,955.0,960.0,5.0,17.631710826525598,0.015,1.15,5,3588,70
4005,7,1022.0,1028.0,6.0,17.631710826525598,0.015,1.15,5,3588,70
4005,8,1090.0,1096.0,6.0,17.631710826525598,0.015,1.15,5,3588,70
4005,9,1157.0,1164.0,7.0,17.631710826525598,0.015,1.15,5,3588,70
4007,0,532.0,540.0,8.0,9.0418588456848,0.015,1.15,5,165,70
4007,1,592.0,600.0,8.0,9.2116369600776,0.015,1.15,5,165,70
4007,2,652.0,660.0,8.0,12.23655221214,0.015,1.15,5,165,70
4007,3,712.0,720.0,8.0,9.2116369600776,0.015,1.15,5,165,70
4007,4,772.0,780.0,8.0,5.432841589463999,0.015,1.15,5,165,70
4007,5,832.0,840.0,8.0,9.2116369600776,0.015,1.15,5,165,70
4007,6,892.0,900.0,8.0,5.432841589463999,0.015,1.15,5,165,70
4007,7,984.0,990.0,6.0,18.135609390278397,0.015,1.15,5,373,70
4007,8,1104.0,1110.0,6.0,30.4227882167352,0.015,1.15,5,373,70
4007,9,1229.0,1235.0,6.0,31.958005433112,0.015,1.15,5,2546,70
4008,0,504.0,510.0,6.0,12.942587913705598,0.015,1.15,5,3137,70
4008,1,532.0,540.0,8.0,37.7217590483808,0.015,1.15,5,3588,70
4008,2,624.0,630.0,6.0,12.942587913705598,0.015,1.15,5,3137,70
4008,3,652.0,660.0,8.0,37.7217590483808,0.015,1.15,5,3588,70
4008,4,718.0,728.0,10.0,5.432841589463999,0.015,1.15,5,165,70
4008,5,744.0,750.0,6.0,6.803710622676,0.015,1.15,5,373,70
4008,6,772.0,780.0,8.0,23.1214813085832,0.015,1.15,5,165,70
4008,7,837.0,848.0,11.0,5.432841589463999,0.015,1.15,5,165,70
4008,8,864.0,870.0,6.0,6.803710622676,0.015,1.15,5,373,70
4008,9,892.0,900.0,8.0,23.1214813085832,0.015,1.15,5,165,70
4008,10,957.0,968.0,11.0,5.432841589463999,0.015,1.15,5,165,70
4008,11,984.0,990.0,6.0,6.803710622676,0.015,1.15,5,373,70
4008,12,1012.0,1020.0,8.0,23.1214813085832,0.015,1.15,5,165,70
4008,13,1077.0,1088.0,11.0,5.432841589463999,0.015,1.15,5,165,70
4008,14,1104.0,1110.0,6.0,6.803710622676,0.015,1.15,5,373,70
4008,15,1132.0,1140.0,8.0,22.366658603042396,0.015,1.15,5,165,70
4008,16,1194.0,1200.0,6.0,13.068527838000001,0.015,1.15,5,165,70
4010,0,622.0,630.0,8.0,10.6753381995984,0.015,1.15,5,165,70
4010,1,667.0,675.0,8.0,10.6753381995984,0.015,1.15,5,165,70
4010,2,712.0,720.0,8.0,10.6753381995984,0.015,1.15,5,165,70
4010,3,757.0,765.0,8.0,10.6753381995984,0.015,1.15,5,165,70
4010,4,802.0,810.0,8.0,10.6753381995984,0.015,1.15,5,165,70
4010,5,847.0,855.0,8.0,10.6753381995984,0.015,1.15,5,165,70
4010,6,892.0,900.0,8.0,10.6753381995984,0.015,1.15,5,165,70
4010,7,937.0,945.0,8.0,10.6753381995984,0.015,1.15,5,165,70
4010,8,982.0,990.0,8.0,10.6753381995984,0.015,1.15,5,165,70
4010,9,1027.0,1035.0,8.0,10.6753381995984,0.015,1.15,5,165,70
4010,10,1072.0,1080.0,8.0,32.50128393558,0.015,1.15,5,165,70
4012,0,832.0,840.0,8.0,37.7217590483808,0.015,1.15,5,3588,70
4012,1,898.0,905.0,7.0,26.054884235263195,0.015,1.15,5,3588,70
4012,2,952.0,960.0,8.0,37.7217590483808,0.015,1.15,5,3588,70
4012,3,1018.0,1025.0,7.0,46.11817555284719,0.015,1.15,5,3588,70
5001,0,292.0,300.0,8.0,7.356997518436799,0.015,1.15,5,1547,70
5001,1,324.0,330.0,6.0,7.356997518436799,0.015,1.15,5,1547,70
5001,2,354.0,360.0,6.0,7.356997518436799,0.015,1.15,5,1547,70
5001,3,384.0,390.0,6.0,7.356997518436799,0.015,1.15,5,1547,70
5001,4,414.0,420.0,6.0,7.356997518436799,0.015,1.15,5,1547,70
5001,5,444.0,450.0,6.0,4.1983380941376,0.015,1.15,5,1547,70
5001,6,461.0,471.0,10.0,3.4556625695856,0.015,1.15,5,1353,70
5001,7,485.0,494.0,9.0,7.654000663723199,0.015,1.15,5,1547,70
5001,8,521.0,530.0,9.0,7.654000663723199,0.015,1.15,5,1547,70
5001,9,557.0,566.0,9.0,7.654000663723199,0.015,1.15,5,1547,70
5001,10,593.0,602.0,9.0,7.654000663723199,0.015,1.15,5,1547,70
5001,11,629.0,638.0,9.0,7.654000663723199,0.015,1.15,5,1547,70
5001,12,665.0,674.0,9.0,7.654000663723199,0.015,1.15,5,1547,70
5001,13,701.0,710.0,9.0,7.654000663723199,0.015,1.15,5,1547,70
5001,14,737.0,746.0,9.0,7.654000663723199,0.015,1.15,5,1547,70
5001,15,773.0,782.0,9.0,7.654000663723199,0.015,1.15,5,1547,70
5001,16,809.0,818.0,9.0,7.654000663723199,0.015,1.15,5,1547,70
5001,17,845.0,854.0,9.0,7.654000663723199,0.015,1.15,5,1547,70
5001,18,881.0,890.0,9.0,7.654000663723199,0.015,1.15,5,1547,70
5001,19,917.0,926.0,9.0,7.654000663723199,0.015,1.15,5,1547,70
5001,20,953.0,962.0,9.0,7.654000663723199,0.015,1.15,5,1547,70
5001,21,989.0,998.0,9.0,7.654000663723199,0.015,1.15,5,1547,70
5001,22,1025.0,1034.0,9.0,7.654000663723199,0.015,1.15,5,1547,70
5001,23,1061.0,1070.0,9.0,7.654000663723199,0.015,1.15,5,1547,70
5001,24,1097.0,1106.0,9.0,7.654000663723199,0.015,1.15,5,1547,70
5001,25,1133.0,1142.0,9.0,7.654000663723199,0.015,1.15,5,1547,70
5001,26,1169.0,1178.0,9.0,4.9979543039952,0.015,1.15,5,1547,70
5002,0,379.0,385.0,6.0,10.6883605275288,0.015,1.15,5,2546,70
5002,1,415.0,420.0,5.0,20.4559345431672,0.015,1.15,5,165,70
5002,2,478.0,488.0,10.0,5.7998796640224,0.015,1.15,5,165,70
5002,3,505.0,510.0,5.0,6.803710622676,0.015,1.15,5,373,70
5002,4,532.0,540.0,8.0,20.4559345431672,0.015,1.15,5,165,70
5002,5,600.0,608.0,8.0,5.7998796640224,0.015,1.15,5,165,70
5002,6,625.0,630.0,5.0,6.803710622676,0.015,1.15,5,373,70
5002,7,652.0,660.0,8.0,20.4559345431672,0.015,1.15,5,165,70
5002,8,720.0,725.0,5.0,36.6518106350688,0.015,1.15,5,165,70
5002,9,776.0,785.0,9.0,38.4484237611648,0.015,1.15,5,4365,70
5002,10,846.0,855.0,9.0,31.561980245484,0.015,1.15,5,165,70
5002,11,904.0,910.0,6.0,21.269924690647198,0.015,1.15,5,165,70
5002,12,943.0,957.0,14.0,21.4865724030456,0.015,1.15,5,4783,70
5002,13,988.0,995.0,7.0,32.140162511519996,0.015,1.15,5,165,70
5003,0,384.0,390.0,6.0,17.4371660573736,0.015,1.15,5,3588,70
5003,1,444.0,450.0,6.0,17.4371660573736,0.015,1.15,5,3588,70
5003,2,506.0,515.0,9.0,17.4371660573736,0.015,1.15,5,3588,70
5003,3,583.0,590.0,7.0,17.4371660573736,0.015,1.15,5,3588,70
5003,4,658.0,665.0,7.0,17.4371660573736,0.015,1.15,5,3588,70
5003,5,733.0,740.0,7.0,17.4371660573736,0.015,1.15,5,3588,70
5003,6,808.0,815.0,7.0,17.4371660573736,0.015,1.15,5,3588,70
5003,7,883.0,890.0,7.0,17.4371660573736,0.015,1.15,5,3588,70
5003,8,958.0,965.0,7.0,17.4371660573736,0.015,1.15,5,3588,70
5003,9,1033.0,1040.0,7.0,17.4371660573736,0.015,1.15,5,3588,70
5003,10,1108.0,1115.0,7.0,7.7100249077831995,0.015,1.15,5,3588,70
5003,11,1137.0,1151.0,14.0,9.7271411495904,0.015,1.15,5,100,70
5003,12,1186.0,1195.0,9.0,16.9824700015656,0.015,1.15,5,3588,70
5003,13,1249.0,1260.0,11.0,16.9824700015656,0.015,1.15,5,3588,70
5003,14,1314.0,1320.0,6.0,16.9824700015656,0.015,1.15,5,3588,70
5003,15,1374.0,1380.0,6.0,16.9824700015656,0.015,1.15,5,3588,70
5004,0,405.0,410.0,5.0,24.768608169669598,0.015,1.15,5,2671,70
5004,1,450.0,465.0,15.0,7.7661067785504,0.015,1.15,5,1774,70
5004,2,488.0,495.0,7.0,7.7661067785504,0.015,1.15,5,1774,70
5004,3,518.0,525.0,7.0,7.7661067785504,0.015,1.15,5,1774,70
5004,4,548.0,555.0,7.0,7.7661067785504,0.015,1.15,5,1774,70
5004,5,578.0,585.0,7.0,7.7661067785504,0.015,1.15,5,1774,70
5004,6,608.0,615.0,7.0,7.7661067785504,0.015,1.15,5,1774,70
5004,7,638.0,645.0,7.0,7.7661067785504,0.015,1.15,5,1774,70
5004,8,668.0,675.0,7.0,7.7661067785504,0.015,1.15,5,1774,70
5004,9,698.0,705.0,7.0,7.7661067785504,0.015,1.15,5,1774,70
5004,10,728.0,735.0,7.0,7.7661067785504,0.015,1.15,5,1774,70
5004,11,758.0,765.0,7.0,7.7661067785504,0.015,1.15,5,1774,70
5004,12,788.0,795.0,7.0,7.7661067785504,0.015,1.15,5,1774,70
5004,13,818.0,825.0,7.0,7.7661067785504,0.015,1.15,5,1774,70
5004,14,848.0,855.0,7.0,7.7661067785504,0.015,1.15,5,1774,70
5004,15,878.0,885.0,7.0,7.7661067785504,0.015,1.15,5,1774,70
5004,16,908.0,915.0,7.0,7.7661067785504,0.015,1.15,5,1774,70
5004,17,938.0,945.0,7.0,7.7661067785504,0.015,1.15,5,1774,70
5004,18,968.0,975.0,7.0,7.7661067785504,0.015,1.15,5,1774,70
5004,19,998.0,1005.0,7.0,7.7661067785504,0.015,1.15,5,1774,70
5004,20,1028.0,1035.0,7.0,7.7661067785504,0.015,1.15,5,1774,70
5004,21,1058.0,1065.0,7.0,7.7661067785504,0.015,1.15,5,1774,70
5004,22,1088.0,1095.0,7.0,7.7661067785504,0.015,1.15,5,1774,70
5004,23,1118.0,1125.0,7.0,7.7661067785504,0.015,1.15,5,1774,70
5004,24,1148.0,1155.0,7.0,7.7661067785504,0.015,1.15,5,1774,70
5004,25,1178.0,1185.0,7.0,7.7661067785504,0.015,1.15,5,1774,70
5004,26,1208.0,1215.0,7.0,7.7661067785504,0.015,1.15,5,1774,70
5004,27,1238.0,1245.0,7.0,13.6781171587224,0.015,1.15,5,1774,70
5005,0,563.0,570.0,7.0,7.7661067785504,0.015,1.15,5,1774,70
5005,1,593.0,600.0,7.0,7.7661067785504,0.015,1.15,5,1774,70
5005,2,623.0,630.0,7.0,7.7661067785504,0.015,1.15,5,1774,70
5005,3,653.0,660.0,7.0,7.7661067785504,0.015,1.15,5,1774,70
5005,4,683.0,690.0,7.0,7.7661067785504,0.015,1.15,5,1774,70
5005,5,713.0,720.0,7.0,7.7661067785504,0.015,1.15,5,1774,70
5005,6,743.0,750.0,7.0,7.7661067785504,0.015,1.15,5,1774,70
5005,7,773.0,780.0,7.0,7.7661067785504,0.015,1.15,5,1774,70
5005,8,803.0,810.0,7.0,7.7661067785504,0.015,1.15,5,1774,70
5005,9,833.0,840.0,7.0,7.7661067785504,0.015,1.15,5,1774,70
5005,10,863.0,870.0,7.0,7.7661067785504,0.015,1.15,5,1774,70
5005,11,893.0,900.0,7.0,7.7661067785504,0.015,1.15,5,1774,70
5005,12,923.0,930.0,7.0,7.7661067785504,0.015,1.15,5,1774,70
5005,13,953.0,960.0,7.0,7.7661067785504,0.015,1.15,5,1774,70
5005,14,983.0,995.0,12.0,37.301088425867995,0.015,1.15,5,1555,70
5006,0,508.0,515.0,7.0,20.5543952758872,0.015,1.15,5,165,70
5006,1,573.0,580.0,7.0,20.5543952758872,0.015,1.15,5,165,70
5006,2,638.0,645.0,7.0,20.5543952758872,0.015,1.15,5,165,70
5006,3,703.0,710.0,7.0,20.5543952758872,0.015,1.15,5,165,70
5006,4,766.0,775.0,9.0,20.580759014371196,0.015,1.15,5,165,70
5006,5,830.0,840.0,10.0,20.580759014371196,0.015,1.15,5,165,70
5006,6,895.0,905.0,10.0,20.580759014371196,0.015,1.15,5,165,70
5006,7,960.0,970.0,10.0,20.580759014371196,0.015,1.15,5,165,70
5006,8,1025.0,1035.0,10.0,21.8331780050832,0.015,1.15,5,165,70
5007,0,435.0,441.0,6.0,7.2263966474064,0.015,1.15,5,100,70
5007,1,475.0,480.0,5.0,14.297794347508798,0.015,1.15,5,165,70
5007,2,514.0,526.0,12.0,19.8319990216224,0.015,1.15,5,3785,70
5007,3,595.0,600.0,5.0,14.297794347508798,0.015,1.15,5,165,70
5007,4,634.0,642.0,8.0,20.848448628648,0.015,1.15,5,3785,70
5007,5,715.0,720.0,5.0,12.421615994107201,0.015,1.15,5,165,70
5007,6,751.0,759.0,8.0,22.486708063730397,0.015,1.15,5,3785,70
5007,7,835.0,840.0,5.0,12.421615994107201,0.015,1.15,5,165,70
5007,8,871.0,879.0,8.0,22.486708063730397,0.015,1.15,5,3785,70
5007,9,955.0,960.0,5.0,12.4009330662072,0.015,1.15,5,165,70
5007,10,991.0,999.0,8.0,22.486708063730397,0.015,1.15,5,3785,70
5007,11,1075.0,1080.0,5.0,12.4009330662072,0.015,1.15,5,165,70
5007,12,1111.0,1123.0,12.0,21.470258456704798,0.015,1.15,5,3785,70
5007,13,1195.0,1200.0,5.0,11.760853873622398,0.015,1.15,5,165,70
5008,0,457.0,465.0,8.0,44.9341948145904,0.015,1.15,5,100,70
5008,1,537.0,550.0,13.0,31.424664827049597,0.015,1.15,5,172,70
5008,2,595.0,605.0,10.0,35.906583734567995,0.015,1.15,5,165,70
5008,3,643.0,650.0,7.0,41.241121947664794,0.015,1.15,5,4365,70
5009,0,458.0,470.0,12.0,7.654000663723199,0.015,1.15,5,1547,70
5009,1,497.0,506.0,9.0,7.654000663723199,0.015,1.15,5,1547,70
5009,2,533.0,542.0,9.0,7.654000663723199,0.015,1.15,5,1547,70
5009,3,569.0,578.0,9.0,7.654000663723199,0.015,1.15,5,1547,70
5009,4,605.0,614.0,9.0,7.654000663723199,0.015,1.15,5,1547,70
5009,5,641.0,650.0,9.0,7.654000663723199,0.015,1.15,5,1547,70
5009,6,677.0,686.0,9.0,7.654000663723199,0.015,1.15,5,1547,70
5009,7,713.0,722.0,9.0,7.654000663723199,0.015,1.15,5,1547,70
5009,8,749.0,758.0,9.0,7.654000663723199,0.015,1.15,5,1547,70
5009,9,785.0,794.0,9.0,7.654000663723199,0.015,1.15,5,1547,70
5009,10,821.0,830.0,9.0,7.654000663723199,0.015,1.15,5,1547,70
5009,11,857.0,866.0,9.0,7.654000663723199,0.015,1.15,5,1547,70
5009,12,893.0,902.0,9.0,7.654000663723199,0.015,1.15,5,1547,70
5009,13,929.0,938.0,9.0,7.654000663723199,0.015,1.15,5,1547,70
5009,14,965.0,974.0,9.0,7.654000663723199,0.015,1.15,5,1547,70
5009,15,1001.0,1010.0,9.0,7.654000663723199,0.015,1.15,5,1547,70
5009,16,1037.0,1046.0,9.0,7.654000663723199,0.015,1.15,5,1547,70
5009,17,1073.0,1082.0,9.0,7.654000663723199,0.015,1.15,5,1547,70
5009,18,1109.0,1118.0,9.0,7.654000663723199,0.015,1.15,5,1547,70
5009,19,1145.0,1154.0,9.0,7.654000663723199,0.015,1.15,5,1547,70
5009,20,1181.0,1190.0,9.0,4.9979543039952,0.015,1.15,5,1547,70
5010,0,414.0,420.0,6.0,17.4371660573736,0.015,1.15,5,3588,70
5010,1,474.0,485.0,11.0,17.4371660573736,0.015,1.15,5,3588,70
5010,2,551.0,560.0,9.0,17.4371660573736,0.015,1.15,5,3588,70
5010,3,628.0,635.0,7.0,17.4371660573736,0.015,1.15,5,3588,70
5010,4,703.0,710.0,7.0,17.4371660573736,0.015,1.15,5,3588,70
5010,5,778.0,785.0,7.0,17.4371660573736,0.015,1.15,5,3588,70
5010,6,853.0,860.0,7.0,17.4371660573736,0.015,1.15,5,3588,70
5010,7,928.0,935.0,7.0,17.4371660573736,0.015,1.15,5,3588,70
5010,8,1003.0,1010.0,7.0,17.4371660573736,0.015,1.15,5,3588,70
5010,9,1078.0,1085.0,7.0,17.4371660573736,0.015,1.15,5,3588,70
5010,10,1153.0,1160.0,7.0,17.4371660573736,0.015,1.15,5,3588,70
5010,11,1216.0,1225.0,9.0,9.927143199674399,0.015,1.15,5,3588,70
5011,0,468.0,480.0,12.0,29.6809078721016,0.015,1.15,5,165,70
5011,1,535.0,540.0,5.0,32.145097843787994,0.015,1.15,5,165,70
5013,0,454.0,466.0,12.0,19.8319990216224,0.015,1.15,5,3785,70
5013,1,535.0,540.0,5.0,14.297794347508798,0.015,1.15,5,165,70
5013,2,574.0,586.0,12.0,19.8319990216224,0.015,1.15,5,3785,70
5013,3,655.0,660.0,5.0,14.297794347508798,0.015,1.15,5,165,70
5013,4,694.0,702.0,8.0,20.848448628648,0.015,1.15,5,3785,70
5013,5,775.0,780.0,5.0,12.421615994107201,0.015,1.15,5,165,70
5013,6,811.0,819.0,8.0,22.486708063730397,0.015,1.15,5,3785,70
5013,7,895.0,900.0,5.0,12.4009330662072,0.015,1.15,5,165,70
5013,8,931.0,939.0,8.0,22.486708063730397,0.015,1.15,5,3785,70
5013,9,1015.0,1020.0,5.0,12.4009330662072,0.015,1.15,5,165,70
5013,10,1051.0,1059.0,8.0,22.486708063730397,0.015,1.15,5,3785,70
5013,11,1135.0,1140.0,5.0,12.4009330662072,0.015,1.15,5,165,70
5014,0,494.0,500.0,6.0,17.4371660573736,0.015,1.15,5,3588,70
5014,1,568.0,575.0,7.0,17.4371660573736,0.015,1.15,5,3588,70
5014,2,643.0,650.0,7.0,17.4371660573736,0.015,1.15,5,3588,70
5014,3,718.0,725.0,7.0,17.4371660573736,0.015,1.15,5,3588,70
5014,4,793.0,800.0,7.0,17.4371660573736,0.015,1.15,5,3588,70
5014,5,868.0,875.0,7.0,17.4371660573736,0.015,1.15,5,3588,70
5014,6,943.0,950.0,7.0,17.4371660573736,0.015,1.15,5,3588,70
5014,7,1018.0,1025.0,7.0,17.4371660573736,0.015,1.15,5,3588,70
5014,8,1093.0,1100.0,7.0,17.4371660573736,0.015,1.15,5,3588,70
5014,9,1166.0,1175.0,9.0,9.927143199674399,0.015,1.15,5,3588,70
5015,0,476.0,495.0,19.0,8.762441848716,0.015,1.15,5,165,70
5015,1,521.0,530.0,9.0,17.4371660573736,0.015,1.15,5,3588,70
5015,2,598.0,605.0,7.0,17.4371660573736,0.015,1.15,5,3588,70
5015,3,673.0,680.0,7.0,17.4371660573736,0.015,1.15,5,3588,70
5015,4,748.0,755.0,7.0,17.4371660573736,0.015,1.15,5,3588,70
5015,5,823.0,830.0,7.0,17.4371660573736,0.015,1.15,5,3588,70
5015,6,898.0,905.0,7.0,17.4371660573736,0.015,1.15,5,3588,70
5015,7,973.0,980.0,7.0,17.4371660573736,0.015,1.15,5,3588,70
5015,8,1048.0,1055.0,7.0,17.4371660573736,0.015,1.15,5,3588,70
5015,9,1123.0,1130.0,7.0,8.674724208962399,0.015,1.15,5,3588,70
5015,10,1156.0,1165.0,9.0,21.8331780050832,0.015,1.15,5,165,70
5016,0,481.0,496.0,15.0,21.269924690647198,0.015,1.15,5,165,70
5016,1,527.0,535.0,8.0,21.195954485831997,0.015,1.15,5,4783,70
5016,2,569.0,582.0,13.0,4.8514776616176,0.015,1.15,5,100,70
5016,3,598.0,606.0,8.0,4.8514776616176,0.015,1.15,5,100,70
5016,4,622.0,630.0,8.0,4.8514776616176,0.015,1.15,5,100,70
5016,5,646.0,654.0,8.0,4.8514776616176,0.015,1.15,5,100,70
5016,6,670.0,678.0,8.0,4.8514776616176,0.015,1.15,5,100,70
5016,7,694.0,702.0,8.0,4.8514776616176,0.015,1.15,5,100,70
5016,8,718.0,728.0,10.0,6.1999520683464,0.015,1.15,5,165,70
5016,9,747.0,752.0,5.0,6.803710622676,0.015,1.15,5,373,70
5016,10,774.0,780.0,6.0,20.4559345431672,0.015,1.15,5,165,70
5016,11,840.0,848.0,8.0,6.1999520683464,0.015,1.15,5,165,70
5016,12,867.0,872.0,5.0,6.803710622676,0.015,1.15,5,373,70
5016,13,894.0,900.0,6.0,20.418782289811197,0.015,1.15,5,165,70
5016,14,959.0,968.0,9.0,6.1999520683464,0.015,1.15,5,165,70
5016,15,987.0,992.0,5.0,6.803710622676,0.015,1.15,5,373,70
5016,16,1014.0,1020.0,6.0,19.757971898759997,0.015,1.15,5,165,70
5016,17,1079.0,1088.0,9.0,6.1999520683464,0.015,1.15,5,165,70
5016,18,1107.0,1112.0,5.0,6.803710622676,0.015,1.15,5,373,70
5016,19,1134.0,1140.0,6.0,19.757971898759997,0.015,1.15,5,165,70
5016,20,1199.0,1208.0,9.0,5.012398224612,0.015,1.15,5,165,70
5016,21,1221.0,1226.0,5.0,8.056129613388,0.015,1.15,5,373,70
5017,0,445.0,450.0,5.0,6.803710622676,0.015,1.15,5,373,70
5017,1,472.0,480.0,8.0,20.4559345431672,0.015,1.15,5,165,70
5017,2,538.0,548.0,10.0,5.7998796640224,0.015,1.15,5,165,70
5017,3,565.0,570.0,5.0,6.803710622676,0.015,1.15,5,373,70
5017,4,592.0,600.0,8.0,20.4559345431672,0.015,1.15,5,165,70
5017,5,660.0,668.0,8.0,5.7998796640224,0.015,1.15,5,165,70
5017,6,685.0,690.0,5.0,6.803710622676,0.015,1.15,5,373,70
5017,7,712.0,720.0,8.0,20.4559345431672,0.015,1.15,5,165,70
5017,8,780.0,788.0,8.0,6.1999520683464,0.015,1.15,5,165,70
5017,9,807.0,812.0,5.0,6.803710622676,0.015,1.15,5,373,70
5017,10,834.0,840.0,6.0,20.418782289811197,0.015,1.15,5,165,70
5017,11,899.0,908.0,9.0,6.1999520683464,0.015,1.15,5,165,70
5017,12,927.0,932.0,5.0,6.803710622676,0.015,1.15,5,373,70
5017,13,954.0,960.0,6.0,20.418782289811197,0.015,1.15,5,165,70
5017,14,1019.0,1028.0,9.0,6.1999520683464,0.015,1.15,5,165,70
5017,15,1047.0,1052.0,5.0,6.803710622676,0.015,1.15,5,373,70
5017,16,1074.0,1080.0,6.0,19.757971898759997,0.015,1.15,5,165,70
5017,17,1139.0,1148.0,9.0,6.1999520683464,0.015,1.15,5,165,70
5017,18,1167.0,1172.0,5.0,6.803710622676,0.015,1.15,5,373,70
5017,19,1194.0,1200.0,6.0,11.419044059707199,0.015,1.15,5,165,70
5017,20,1230.0,1235.0,5.0,32.54874616506479,0.015,1.15,5,2546,70
5017,21,1323.0,1330.0,7.0,11.760853873622398,0.015,1.15,5,165,70
5018,0,470.0,475.0,5.0,46.236654370600796,0.015,1.15,5,165,70
5018,1,539.0,545.0,6.0,31.561980245484,0.015,1.15,5,165,70
5018,2,594.0,600.0,6.0,16.8267687362352,0.015,1.15,5,165,70
5018,3,623.0,628.0,5.0,19.0332475494816,0.015,1.15,5,2339,70
5019,0,436.0,444.0,8.0,4.8514776616176,0.015,1.15,5,100,70
5019,1,460.0,468.0,8.0,4.8514776616176,0.015,1.15,5,100,70
5019,2,484.0,492.0,8.0,4.8514776616176,0.015,1.15,5,100,70
5019,3,508.0,516.0,8.0,4.8514776616176,0.015,1.15,5,100,70
5019,4,532.0,540.0,8.0,4.8514776616176,0.015,1.15,5,100,70
5019,5,556.0,564.0,8.0,4.8514776616176,0.015,1.15,5,100,70
5019,6,580.0,588.0,8.0,4.8514776616176,0.015,1.15,5,100,70
5019,7,604.0,612.0,8.0,4.8514776616176,0.015,1.15,5,100,70
5019,8,628.0,636.0,8.0,4.8514776616176,0.015,1.15,5,100,70
5019,9,652.0,660.0,8.0,4.8514776616176,0.015,1.15,5,100,70
5019,10,676.0,684.0,8.0,4.8514776616176,0.015,1.15,5,100,70
5019,11,700.0,708.0,8.0,4.8514776616176,0.015,1.15,5,100,70
5019,12,724.0,732.0,8.0,4.8514776616176,0.015,1.15,5,100,70
5019,13,748.0,756.0,8.0,4.8514776616176,0.015,1.15,5,100,70
5019,14,772.0,780.0,8.0,4.8514776616176,0.015,1.15,5,100,70
5019,15,796.0,804.0,8.0,4.8514776616176,0.015,1.15,5,100,70
5019,16,820.0,828.0,8.0,4.8514776616176,0.015,1.15,5,100,70
5019,17,844.0,852.0,8.0,4.8514776616176,0.015,1.15,5,100,70
5019,18,868.0,876.0,8.0,4.8514776616176,0.015,1.15,5,100,70
5019,19,892.0,900.0,8.0,4.8514776616176,0.015,1.15,5,100,70
5019,20,916.0,924.0,8.0,4.8514776616176,0.015,1.15,5,100,70
5019,21,940.0,948.0,8.0,4.8514776616176,0.015,1.15,5,100,70
5019,22,964.0,972.0,8.0,4.8514776616176,0.015,1.15,5,100,70
5019,23,988.0,1000.0,12.0,54.035848081300784,0.015,1.15,5,165,70
5020,0,492.0,500.0,8.0,10.6753381995984,0.015,1.15,5,165,70
5020,1,537.0,545.0,8.0,10.6753381995984,0.015,1.15,5,165,70
5020,2,582.0,590.0,8.0,10.6753381995984,0.015,1.15,5,165,70
5020,3,627.0,635.0,8.0,10.6753381995984,0.015,1.15,5,165,70
5020,4,672.0,680.0,8.0,10.6753381995984,0.015,1.15,5,165,70
5020,5,717.0,725.0,8.0,10.6753381995984,0.015,1.15,5,165,70
5020,6,762.0,770.0,8.0,10.6753381995984,0.015,1.15,5,165,70
5020,7,807.0,815.0,8.0,10.6753381995984,0.015,1.15,5,165,70
5020,8,852.0,860.0,8.0,10.6753381995984,0.015,1.15,5,165,70
5020,9,897.0,905.0,8.0,10.6753381995984,0.015,1.15,5,165,70
5020,10,942.0,950.0,8.0,10.6753381995984,0.015,1.15,5,165,70
5020,11,987.0,995.0,8.0,10.6753381995984,0.015,1.15,5,165,70
5020,12,1032.0,1040.0,8.0,10.6753381995984,0.015,1.15,5,165,70
5020,13,1077.0,1085.0,8.0,10.6753381995984,0.015,1.15,5,165,70
5020,14,1122.0,1130.0,8.0,17.210428759667998,0.015,1.15,5,165,70
5021,0,448.0,456.0,8.0,4.8514776616176,0.015,1.15,5,100,70
5021,1,472.0,480.0,8.0,4.8514776616176,0.015,1.15,5,100,70
5021,2,496.0,504.0,8.0,4.8514776616176,0.015,1.15,5,100,70
5021,3,520.0,528.0,8.0,4.8514776616176,0.015,1.15,5,100,70
5021,4,544.0,552.0,8.0,4.8514776616176,0.015,1.15,5,100,70
5021,5,568.0,576.0,8.0,4.8514776616176,0.015,1.15,5,100,70
5021,6,592.0,600.0,8.0,4.8514776616176,0.015,1.15,5,100,70
5021,7,616.0,624.0,8.0,4.8514776616176,0.015,1.15,5,100,70
5021,8,640.0,648.0,8.0,4.8514776616176,0.015,1.15,5,100,70
5021,9,664.0,672.0,8.0,4.8514776616176,0.015,1.15,5,100,70
5021,10,688.0,696.0,8.0,4.8514776616176,0.015,1.15,5,100,70
5021,11,712.0,720.0,8.0,4.8514776616176,0.015,1.15,5,100,70
5021,12,736.0,744.0,8.0,4.8514776616176,0.015,1.15,5,100,70
5021,13,760.0,768.0,8.0,4.8514776616176,0.015,1.15,5,100,70
5021,14,784.0,792.0,8.0,4.8514776616176,0.015,1.15,5,100,70
5021,15,808.0,816.0,8.0,4.8514776616176,0.015,1.15,5,100,70
5021,16,832.0,840.0,8.0,4.8514776616176,0.015,1.15,5,100,70
5021,17,856.0,864.0,8.0,4.8514776616176,0.015,1.15,5,100,70
5021,18,880.0,888.0,8.0,4.8514776616176,0.015,1.15,5,100,70
5021,19,904.0,912.0,8.0,4.8514776616176,0.015,1.15,5,100,70
5021,20,928.0,936.0,8.0,4.8514776616176,0.015,1.15,5,100,70
5021,21,952.0,960.0,8.0,4.8514776616176,0.015,1.15,5,100,70
5021,22,976.0,992.0,16.0,47.52561482747279,0.015,1.15,5,165,70
5022,0,473.0,482.0,9.0,7.654000663723199,0.015,1.15,5,1547,70
5022,1,509.0,518.0,9.0,7.654000663723199,0.015,1.15,5,1547,70
5022,2,545.0,554.0,9.0,7.654000663723199,0.015,1.15,5,1547,70
5022,3,581.0,590.0,9.0,7.654000663723199,0.015,1.15,5,1547,70
5022,4,617.0,626.0,9.0,7.654000663723199,0.015,1.15,5,1547,70
5022,5,653.0,662.0,9.0,7.654000663723199,0.015,1.15,5,1547,70
5022,6,689.0,698.0,9.0,7.654000663723199,0.015,1.15,5,1547,70
5022,7,725.0,734.0,9.0,7.654000663723199,0.015,1.15,5,1547,70
5022,8,761.0,770.0,9.0,7.654000663723199,0.015,1.15,5,1547,70
5022,9,797.0,806.0,9.0,7.654000663723199,0.015,1.15,5,1547,70
5022,10,833.0,842.0,9.0,7.654000663723199,0.015,1.15,5,1547,70
5022,11,869.0,878.0,9.0,7.654000663723199,0.015,1.15,5,1547,70
5022,12,905.0,914.0,9.0,7.654000663723199,0.015,1.15,5,1547,70
5022,13,941.0,950.0,9.0,7.654000663723199,0.015,1.15,5,1547,70
5022,14,977.0,986.0,9.0,7.654000663723199,0.015,1.15,5,1547,70
5022,15,1013.0,1022.0,9.0,7.654000663723199,0.015,1.15,5,1547,70
5022,16,1049.0,1058.0,9.0,7.654000663723199,0.015,1.15,5,1547,70
5022,17,1085.0,1094.0,9.0,7.654000663723199,0.015,1.15,5,1547,70
5022,18,1121.0,1130.0,9.0,7.654000663723199,0.015,1.15,5,1547,70
5022,19,1157.0,1166.0,9.0,4.9979543039952,0.015,1.15,5,1547,70
5024,0,536.0,545.0,9.0,17.4371660573736,0.015,1.15,5,3588,70
5024,1,613.0,620.0,7.0,17.4371660573736,0.015,1.15,5,3588,70
5024,2,688.0,695.0,7.0,17.4371660573736,0.015,1.15,5,3588,70
5024,3,763.0,770.0,7.0,17.4371660573736,0.015,1.15,5,3588,70
5024,4,838.0,845.0,7.0,17.4371660573736,0.015,1.15,5,3588,70
5024,5,913.0,920.0,7.0,17.4371660573736,0.015,1.15,5,3588,70
5024,6,988.0,995.0,7.0,17.4371660573736,0.015,1.15,5,3588,70
5024,7,1063.0,1070.0,7.0,17.4371660573736,0.015,1.15,5,3588,70
5024,8,1138.0,1145.0,7.0,17.7730914320544,0.015,1.15,5,3588,70
5024,9,1206.0,1215.0,9.0,9.0983672233968,0.015,1.15,5,165,70
5024,10,1246.0,1260.0,14.0,9.0983672233968,0.015,1.15,5,165,70
5024,11,1291.0,1305.0,14.0,9.0983672233968,0.015,1.15,5,165,70
5024,12,1336.0,1350.0,14.0,11.816108847288,0.015,1.15,5,165,70
5024,13,1387.0,1395.0,8.0,9.0983672233968,0.015,1.15,5,165,70
5024,14,1426.0,1440.0,14.0,10.3507862144136,0.015,1.15,5,165,70
5025,0,981.0,995.0,14.0,28.30661603334,0.015,1.15,5,165,70
5027,0,1055.0,1065.0,10.0,21.269924690647198,0.015,1.15,5,165,70
5027,1,1100.0,1115.0,15.0,51.50827345304639,0.015,1.15,5,4783,70
5027,2,1192.0,1200.0,8.0,27.025061430083998,0.015,1.15,5,165,70
