bus_id,window_id,slot_start_min,station_id,x,q_kwh,price_per_kwh
1002,0,505,165,0.0,10,0.5
1002,0,507,165,0.0,10,0.5
1002,0,509,165,0.0,5,0.5
1002,1,529,5771,0.0,10,0.5
1002,1,531,5771,0.0,10,0.5
1002,1,533,5771,0.0,10,0.5
1003,0,494,100,0.0,10,0.5
1003,0,496,100,1.0,10,0.5
1003,0,498,100,0.0,10,0.5
1003,0,500,100,1.0,5,0.5
1003,1,534,165,0.0,10,0.5
1003,1,536,165,1.0,10,0.5
1003,1,538,165,1.0,10,0.5
1003,2,654,165,0.0,10,0.5
1003,2,656,165,1.0,10,0.5
1003,2,658,165,1.0,10,0.5
1003,3,742,165,0.0,10,0.2
1003,3,744,165,0.0,10,0.2
1003,3,746,165,0.0,10,0.2
1003,3,748,165,0.0,10,0.2
1006,0,500,2546,0.0,10,0.5
1006,0,502,2546,0.0,10,0.5
1006,0,504,2546,0.0,5,0.5
1006,1,539,165,0.0,10,0.5
1006,1,541,165,0.0,10,0.5
1006,1,543,165,0.0,10,0.5
1006,1,545,165,0.0,10,0.5
1006,1,547,165,0.0,5,0.5
1006,2,564,373,0.0,10,0.5
1006,2,566,373,0.0,10,0.5
1006,2,568,373,0.0,10,0.5
1006,3,592,165,0.0,10,0.5
1006,3,594,165,0.0,10,0.5
1006,3,596,165,0.0,10,0.5
1006,3,598,165,1.0,10,0.5
1006,4,621,2546,0.0,10,0.5
1006,4,623,2546,0.0,10,0.5
1006,4,625,2546,0.0,10,0.5
1006,5,661,165,1.0,10,0.2
1006,5,663,165,0.0,10,0.2
1006,5,665,165,1.0,10,0.2
1006,5,667,165,1.0,5,0.2
1006,6,684,373,0.0,10,0.2
1006,6,686,373,0.0,10,0.2
1006,6,688,373,0.0,10,0.2
1006,7,712,165,1.0,10,0.2
1006,7,714,165,0.0,10,0.2
1006,7,716,165,0.0,10,0.2
1006,7,718,165,1.0,10,0.2
1006,8,742,2546,0.0,10,0.2
1006,8,744,2546,0.0,10,0.2
1006,8,746,2546,0.0,5,0.2
1006,9,781,165,1.0,10,0.2
1006,9,783,165,1.0,10,0.2
1006,9,785,165,1.0,10,0.2
1006,9,787,165,1.0,5,0.2
1006,10,804,373,0.0,10,0.2
1006,10,806,373,0.0,10,0.2
1006,10,808,373,0.0,10,0.2
1006,11,832,165,0.0,10,0.2
1006,11,834,165,0.0,10,0.2
1006,11,836,165,1.0,10,0.2
1006,11,838,165,1.0,10,0.2
1006,12,901,165,0.0,10,0.2
1006,12,903,165,0.0,10,0.2
1006,12,905,165,1.0,10,0.2
1006,12,907,165,1.0,5,0.2
1006,13,924,373,0.0,10,0.2
1006,13,926,373,0.0,10,0.2
1006,13,928,373,0.0,10,0.2
1006,14,952,165,0.0,10,0.2
1006,14,954,165,1.0,10,0.2
1006,14,956,165,1.0,10,0.2
1006,14,958,165,0.0,10,0.2
1006,15,1020,165,1.0,10,0.2
1006,15,1022,165,1.0,10,0.2
1006,15,1024,165,1.0,10,0.2
1006,15,1026,165,0.0,10,0.2
1006,16,1044,373,0.0,10,0.2
1006,16,1046,373,0.0,10,0.2
1006,16,1048,373,0.0,10,0.2
1006,17,1072,165,0.0,10,0.2
1006,17,1074,165,0.0,10,0.2
1006,17,1076,165,0.0,10,0.2
1006,17,1078,165,1.0,10,0.2
1006,18,1110,2546,0.0,10,0.5
1006,18,1112,2546,0.0,10,0.5
1006,18,1114,2546,0.0,5,0.5
1006,19,1140,165,0.0,10,0.5
1006,19,1142,165,0.0,10,0.5
1006,19,1144,165,0.0,10,0.5
1006,19,1146,165,0.0,10,0.5
1006,20,1161,373,0.0,10,0.5
1006,20,1163,373,0.0,10,0.5
1006,20,1165,373,0.0,10,0.5
1006,20,1167,373,0.0,10,0.5
1006,20,1169,373,0.0,5,0.5
1006,21,1192,165,0.0,10,0.5
1006,21,1194,165,0.0,10,0.5
1006,21,1196,165,0.0,10,0.5
1006,21,1198,165,0.0,10,0.5
1006,22,1229,2546,0.0,10,0.5
1006,22,1231,2546,0.0,10,0.5
1006,22,1233,2546,0.0,10,0.5
1007,0,504,373,0.0,10,0.5
1007,0,506,373,0.0,10,0.5
1007,0,508,373,0.0,10,0.5
1007,1,532,165,1.0,10,0.5
1007,1,534,165,0.0,10,0.5
1007,1,536,165,0.0,10,0.5
1007,1,538,165,0.0,10,0.5
1007,2,597,165,0.0,10,0.5
1007,2,599,165,0.0,10,0.5
1007,2,601,165,0.0,10,0.5
1007,2,603,165,1.0,10,0.5
1007,2,605,165,1.0,10,0.5
1007,2,607,165,1.0,5,0.5
1007,3,624,373,0.0,10,0.5
1007,3,626,373,0.0,10,0.5
1007,3,628,373,0.0,10,0.5
1007,4,652,165,0.0,10,0.5
1007,4,654,165,0.0,10,0.5
1007,4,656,165,0.0,10,0.5
1007,4,658,165,0.0,10,0.5
1007,5,717,165,1.0,10,0.2
1007,5,719,165,0.0,10,0.2
1007,5,721,165,1.0,10,0.2
1007,5,723,165,0.0,10,0.2
1007,5,725,165,1.0,10,0.2
1007,5,727,165,0.0,5,0.2
1007,6,744,373,0.0,10,0.2
1007,6,746,373,0.0,10,0.2
1007,6,748,373,0.0,10,0.2
1007,7,772,165,0.0,10,0.2
1007,7,774,165,1.0,10,0.2
1007,7,776,165,0.0,10,0.2
1007,7,778,165,1.0,10,0.2
1007,8,837,165,0.0,10,0.2
1007,8,839,165,1.0,10,0.2
1007,8,841,165,0.0,10,0.2
1007,8,843,165,0.0,10,0.2
1007,8,845,165,0.0,10,0.2
1007,8,847,165,1.0,5,0.2
1007,9,864,373,0.0,10,0.2
1007,9,866,373,0.0,10,0.2
1007,9,868,373,0.0,10,0.2
1007,10,892,165,1.0,10,0.2
1007,10,894,165,1.0,10,0.2
1007,10,896,165,0.0,10,0.2
1007,10,898,165,1.0,10,0.2
1007,11,957,165,0.0,10,0.2
1007,11,959,165,0.0,10,0.2
1007,11,961,165,0.0,10,0.2
1007,11,963,165,0.0,10,0.2
1007,11,965,165,1.0,10,0.2
1007,11,967,165,1.0,5,0.2
1007,12,984,373,0.0,10,0.2
1007,12,986,373,0.0,10,0.2
1007,12,988,373,0.0,10,0.2
1007,13,1012,165,1.0,10,0.2
1007,13,1014,165,1.0,10,0.2
1007,13,1016,165,0.0,10,0.2
1007,13,1018,165,1.0,10,0.2
1007,14,1077,165,0.0,10,0.2
1007,14,1079,165,0.0,10,0.2
1007,14,1081,165,0.0,10,0.5
1007,14,1083,165,0.0,10,0.5
1007,14,1085,165,0.0,10,0.5
1007,14,1087,165,0.0,5,0.5
1007,15,1104,373,0.0,10,0.5
1007,15,1106,373,0.0,10,0.5
1007,15,1108,373,0.0,10,0.5
1007,16,1132,165,0.0,10,0.5
1007,16,1134,165,0.0,10,0.5
1007,16,1136,165,0.0,10,0.5
1007,16,1138,165,0.0,10,0.5
1008,0,532,3588,1.0,10,0.5
1008,0,534,3588,1.0,10,0.5
1008,0,536,3588,0.0,10,0.5
1008,0,538,3588,0.0,10,0.5
1008,1,598,3588,0.0,10,0.5
1008,1,600,3588,0.0,10,0.5
1008,1,602,3588,1.0,10,0.5
1008,1,604,3588,1.0,5,0.5
1008,2,652,3588,0.0,10,0.5
1008,2,654,3588,0.0,10,0.5
1008,2,656,3588,0.0,10,0.5
1008,2,658,3588,0.0,10,0.5
1009,0,592,165,1.0,10,0.5
1009,0,594,165,1.0,10,0.5
1009,0,596,165,1.0,10,0.5
1009,0,598,165,0.0,10,0.5
1009,1,686,165,1.0,10,0.2
1009,1,688,165,1.0,10,0.2
1009,1,690,165,1.0,10,0.2
1009,1,692,165,1.0,10,0.2
1009,1,694,165,1.0,5,0.2
1009,2,739,4787,1.0,10,0.2
1009,2,741,4787,0.0,10,0.2
1009,2,743,4787,0.0,5,0.2
1009,3,784,165,0.0,10,0.2
1009,3,786,165,0.0,10,0.2
1009,3,788,165,0.0,10,0.2
1009,3,790,165,0.0,10,0.2
1009,3,792,165,0.0,5,0.2
1010,0,622,165,0.0,10,0.5
1010,0,624,165,0.0,10,0.5
1010,0,626,165,0.0,10,0.5
1010,0,628,165,0.0,10,0.5
1010,1,667,165,0.0,10,0.2
1010,1,669,165,1.0,10,0.2
1010,1,671,165,1.0,10,0.2
1010,1,673,165,1.0,10,0.2
1010,2,712,165,0.0,10,0.2
1010,2,714,165,0.0,10,0.2
1010,2,716,165,0.0,10,0.2
1010,2,718,165,0.0,10,0.2
1010,3,757,165,0.0,10,0.2
1010,3,759,165,0.0,10,0.2
1010,3,761,165,0.0,10,0.2
1010,3,763,165,0.0,10,0.2
1010,4,802,165,0.0,10,0.2
1010,4,804,165,0.0,10,0.2
1010,4,806,165,1.0,10,0.2
1010,4,808,165,0.0,10,0.2
1010,5,847,165,0.0,10,0.2
1010,5,849,165,0.0,10,0.2
1010,5,851,165,1.0,10,0.2
1010,5,853,165,1.0,10,0.2
1010,6,892,165,0.0,10,0.2
1010,6,894,165,0.0,10,0.2
1010,6,896,165,0.0,10,0.2
1010,6,898,165,0.0,10,0.2
1010,7,937,165,0.0,10,0.2
1010,7,939,165,0.0,10,0.2
1010,7,941,165,0.0,10,0.2
1010,7,943,165,1.0,10,0.2
1010,8,982,165,0.0,10,0.2
1010,8,984,165,0.0,10,0.2
1010,8,986,165,1.0,10,0.2
1010,8,988,165,1.0,10,0.2
1010,9,1027,165,0.0,10,0.2
1010,9,1029,165,0.0,10,0.2
1010,9,1031,165,0.0,10,0.2
1010,9,1033,165,0.0,10,0.2
1010,10,1072,165,0.0,10,0.2
1010,10,1074,165,0.0,10,0.2
1010,10,1076,165,0.0,10,0.2
1010,10,1078,165,0.0,10,0.2
1011,0,1272,100,0.0,10,0.1
1011,0,1274,100,0.0,10,0.1
1011,0,1276,100,0.0,10,0.1
1011,1,1312,100,0.0,10,0.1
1011,1,1314,100,0.0,10,0.1
1011,1,1316,100,0.0,10,0.1
1011,2,1352,100,0.0,10,0.1
1011,2,1354,100,0.0,10,0.1
1011,2,1356,100,0.0,10,0.1
1014,0,832,3588,1.0,10,0.2
1014,0,834,3588,1.0,10,0.2
1014,0,836,3588,1.0,10,0.2
1014,0,838,3588,0.0,10,0.2
1014,1,898,3588,0.0,10,0.2
1014,1,900,3588,1.0,10,0.2
1014,1,902,3588,1.0,10,0.2
1014,1,904,3588,0.0,5,0.2
1014,2,952,3588,1.0,10,0.2
1014,2,954,3588,1.0,10,0.2
1014,2,956,3588,0.0,10,0.2
1014,2,958,3588,1.0,10,0.2
1014,3,1018,3588,0.0,10,0.2
1014,3,1020,3588,0.0,10,0.2
1014,3,1022,3588,0.0,10,0.2
1014,3,1024,3588,0.0,5,0.2
1016,0,1195,3588,0.0,10,0.5
1016,0,1197,3588,0.0,10,0.5
1016,0,1199,3588,0.0,5,0.5
1016,1,1255,3588,0.0,10,0.5
1016,1,1257,3588,0.0,10,0.5
1016,1,1259,3588,1.0,5,0.5
1016,2,1315,3588,0.0,10,0.1
1016,2,1317,3588,0.0,10,0.1
1016,2,1319,3588,0.0,5,0.1
2001,0,309,1353,1.0,10,0.1
2001,0,311,1353,1.0,10,0.1
2001,0,313,1353,1.0,10,0.1
2001,1,504,1553,0.0,10,0.5
2001,1,506,1553,0.0,10,0.5
2001,1,508,1553,0.0,10,0.5
2001,1,510,1553,0.0,10,0.5
2001,2,537,1553,0.0,10,0.5
2001,2,539,1553,0.0,10,0.5
2001,2,541,1553,0.0,10,0.5
2001,2,543,1553,1.0,10,0.5
2001,3,570,1553,0.0,10,0.5
2001,3,572,1553,0.0,10,0.5
2001,3,574,1553,0.0,10,0.5
2001,3,576,1553,0.0,10,0.5
2002,0,384,3588,1.0,10,0.2
2002,0,386,3588,0.0,10,0.2
2002,0,388,3588,0.0,10,0.2
2002,1,444,3588,0.0,10,0.2
2002,1,446,3588,0.0,10,0.2
2002,1,448,3588,0.0,10,0.2
2002,2,506,3588,0.0,10,0.5
2002,2,508,3588,0.0,10,0.5
2002,2,510,3588,0.0,10,0.5
2002,2,512,3588,0.0,10,0.5
2002,2,514,3588,0.0,5,0.5
2004,0,405,2671,0.0,10,0.2
2004,0,407,2671,0.0,10,0.2
2004,0,409,2671,0.0,5,0.2
2004,1,450,1774,1.0,10,0.2
2004,1,452,1774,1.0,10,0.2
2004,1,454,1774,1.0,10,0.2
2004,1,456,1774,1.0,10,0.2
2004,1,458,1774,1.0,10,0.2
2004,1,460,1774,1.0,10,0.2
2004,1,462,1774,1.0,10,0.2
2004,1,464,1774,1.0,5,0.2
2004,2,488,1774,0.0,10,0.5
2004,2,490,1774,0.0,10,0.5
2004,2,492,1774,0.0,10,0.5
2004,2,494,1774,0.0,5,0.5
2004,3,518,1774,0.0,10,0.5
2004,3,520,1774,0.0,10,0.5
2004,3,522,1774,0.0,10,0.5
2004,3,524,1774,0.0,5,0.5
2004,4,548,1774,0.0,10,0.5
2004,4,550,1774,0.0,10,0.5
2004,4,552,1774,0.0,10,0.5
2004,4,554,1774,0.0,5,0.5
2004,5,578,1774,0.0,10,0.5
2004,5,580,1774,0.0,10,0.5
2004,5,582,1774,0.0,10,0.5
2004,5,584,1774,0.0,5,0.5
2004,6,608,1774,0.0,10,0.5
2004,6,610,1774,0.0,10,0.5
2004,6,612,1774,0.0,10,0.5
2004,6,614,1774,0.0,5,0.5
2004,7,638,1774,0.0,10,0.5
2004,7,640,1774,0.0,10,0.5
2004,7,642,1774,0.0,10,0.5
2004,7,644,1774,0.0,5,0.5
2004,8,668,1774,1.0,10,0.2
2004,8,670,1774,0.0,10,0.2
2004,8,672,1774,1.0,10,0.2
2004,8,674,1774,0.0,5,0.2
2004,9,698,1774,0.0,10,0.2
2004,9,700,1774,0.0,10,0.2
2004,9,702,1774,0.0,10,0.2
2004,9,704,1774,1.0,5,0.2
2004,10,728,1774,0.0,10,0.2
2004,10,730,1774,0.0,10,0.2
2004,10,732,1774,0.0,10,0.2
2004,10,734,1774,1.0,5,0.2
2004,11,758,1774,0.0,10,0.2
2004,11,760,1774,0.0,10,0.2
2004,11,762,1774,0.0,10,0.2
2004,11,764,1774,0.0,5,0.2
2004,12,788,1774,1.0,10,0.2
2004,12,790,1774,0.0,10,0.2
2004,12,792,1774,0.0,10,0.2
2004,12,794,1774,1.0,5,0.2
2004,13,818,1774,0.0,10,0.2
2004,13,820,1774,1.0,10,0.2
2004,13,822,1774,0.0,10,0.2
2004,13,824,1774,1.0,5,0.2
2004,14,848,1774,0.0,10,0.2
2004,14,850,1774,0.0,10,0.2
2004,14,852,1774,0.0,10,0.2
2004,14,854,1774,1.0,5,0.2
2004,15,878,1774,0.0,10,0.2
2004,15,880,1774,0.0,10,0.2
2004,15,882,1774,1.0,10,0.2
2004,15,884,1774,0.0,5,0.2
2004,16,908,1774,0.0,10,0.2
2004,16,910,1774,0.0,10,0.2
2004,16,912,1774,0.0,10,0.2
2004,16,914,1774,1.0,5,0.2
2004,17,938,1774,0.0,10,0.2
2004,17,940,1774,0.0,10,0.2
2004,17,942,1774,0.0,10,0.2
2004,17,944,1774,1.0,5,0.2
2004,18,968,1774,0.0,10,0.2
2004,18,970,1774,0.0,10,0.2
2004,18,972,1774,1.0,10,0.2
2004,18,974,1774,1.0,5,0.2
2004,19,998,1774,0.0,10,0.2
2004,19,1000,1774,0.0,10,0.2
2004,19,1002,1774,0.0,10,0.2
2004,19,1004,1774,0.0,5,0.2
2004,20,1028,1774,0.0,10,0.2
2004,20,1030,1774,0.0,10,0.2
2004,20,1032,1774,0.0,10,0.2
2004,20,1034,1774,1.0,5,0.2
2004,21,1058,1774,0.0,10,0.2
2004,21,1060,1774,0.0,10,0.2
2004,21,1062,1774,0.0,10,0.2
2004,21,1064,1774,1.0,5,0.2
2004,22,1088,1774,0.0,10,0.5
2004,22,1090,1774,0.0,10,0.5
2004,22,1092,1774,0.0,10,0.5
2004,22,1094,1774,0.0,5,0.5
2004,23,1118,1774,0.0,10,0.5
2004,23,1120,1774,0.0,10,0.5
2004,23,1122,1774,0.0,10,0.5
2004,23,1124,1774,0.0,5,0.5
2005,0,435,100,1.0,10,0.2
2005,0,437,100,1.0,10,0.2
2005,0,439,100,1.0,10,0.2
2005,1,475,165,1.0,10,0.2
2005,1,477,165,1.0,10,0.2
2005,1,479,165,1.0,5,0.2
2005,2,514,3785,0.0,10,0.5
2005,2,516,3785,0.0,10,0.5
2005,2,518,3785,0.0,10,0.5
2005,2,520,3785,0.0,10,0.5
2005,2,522,3785,0.0,10,0.5
2005,2,524,3785,0.0,10,0.5
2005,3,595,165,0.0,10,0.5
2005,3,597,165,0.0,10,0.5
2005,3,599,165,0.0,5,0.5
2005,4,634,3785,0.0,10,0.5
2005,4,636,3785,0.0,10,0.5
2005,4,638,3785,0.0,10,0.5
2005,4,640,3785,0.0,10,0.5
2005,5,715,165,1.0,10,0.2
2005,5,717,165,0.0,10,0.2
2005,5,719,165,1.0,5,0.2
2005,6,751,3785,1.0,10,0.2
2005,6,753,3785,1.0,10,0.2
2005,6,755,3785,1.0,10,0.2
2005,6,757,3785,1.0,10,0.2
2005,7,835,165,1.0,10,0.2
2005,7,837,165,0.0,10,0.2
2005,7,839,165,0.0,5,0.2
2005,8,871,3785,1.0,10,0.2
2005,8,873,3785,0.0,10,0.2
2005,8,875,3785,1.0,10,0.2
2005,8,877,3785,1.0,10,0.2
2005,9,955,165,1.0,10,0.2
2005,9,957,165,0.0,10,0.2
2005,9,959,165,0.0,5,0.2
2005,10,991,3785,1.0,10,0.2
2005,10,993,3785,1.0,10,0.2
2005,10,995,3785,1.0,10,0.2
2005,10,997,3785,1.0,10,0.2
2005,11,1075,165,1.0,10,0.2
2005,11,1077,165,0.0,10,0.2
2005,11,1079,165,0.0,5,0.2
2005,12,1111,3785,0.0,10,0.5
2005,12,1113,3785,0.0,10,0.5
2005,12,1115,3785,0.0,10,0.5
2005,12,1117,3785,0.0,10,0.5
2005,12,1119,3785,0.0,10,0.5
2005,12,1121,3785,0.0,10,0.5
2005,13,1195,165,0.0,10,0.5
2005,13,1197,165,0.0,10,0.5
2005,13,1199,165,0.0,5,0.5
2006,0,508,165,0.0,10,0.5
2006,0,510,165,0.0,10,0.5
2006,0,512,165,0.0,10,0.5
2006,0,514,165,1.0,5,0.5
2006,1,573,165,0.0,10,0.5
2006,1,575,165,0.0,10,0.5
2006,1,577,165,0.0,10,0.5
2006,1,579,165,1.0,5,0.5
2006,2,638,165,1.0,10,0.5
2006,2,640,165,0.0,10,0.5
2006,2,642,165,1.0,10,0.5
2006,2,644,165,1.0,5,0.5
2006,3,703,165,1.0,10,0.2
2006,3,705,165,1.0,10,0.2
2006,3,707,165,1.0,10,0.2
2006,3,709,165,1.0,5,0.2
2006,4,766,165,1.0,10,0.2
2006,4,768,165,1.0,10,0.2
2006,4,770,165,1.0,10,0.2
2006,4,772,165,0.0,10,0.2
2006,4,774,165,1.0,5,0.2
2006,5,830,165,1.0,10,0.2
2006,5,832,165,0.0,10,0.2
2006,5,834,165,0.0,10,0.2
2006,5,836,165,0.0,10,0.2
2006,5,838,165,0.0,10,0.2
2006,6,895,165,1.0,10,0.2
2006,6,897,165,1.0,10,0.2
2006,6,899,165,0.0,10,0.2
2006,6,901,165,0.0,10,0.2
2006,6,903,165,0.0,10,0.2
2006,7,960,165,1.0,10,0.2
2006,7,962,165,1.0,10,0.2
2006,7,964,165,1.0,10,0.2
2006,7,966,165,1.0,10,0.2
2006,7,968,165,1.0,10,0.2
2006,8,1025,165,0.0,10,0.2
2006,8,1027,165,1.0,10,0.2
2006,8,1029,165,1.0,10,0.2
2006,8,1031,165,1.0,10,0.2
2006,8,1033,165,1.0,10,0.2
2006,9,1090,165,0.0,10,0.5
2006,9,1092,165,0.0,10,0.5
2006,9,1094,165,0.0,10,0.5
2006,9,1096,165,0.0,10,0.5
2006,9,1098,165,0.0,10,0.5
2006,10,1155,165,0.0,10,0.5
2006,10,1157,165,0.0,10,0.5
2006,10,1159,165,0.0,10,0.5
2006,10,1161,165,0.0,10,0.5
2006,10,1163,165,0.0,10,0.5
2006,11,1222,165,0.0,10,0.5
2006,11,1224,165,0.0,10,0.5
2006,11,1226,165,0.0,10,0.5
2006,11,1228,165,0.0,10,0.5
2007,0,414,3588,1.0,10,0.2
2007,0,416,3588,1.0,10,0.2
2007,0,418,3588,0.0,10,0.2
2007,1,474,3588,1.0,10,0.2
2007,1,476,3588,1.0,10,0.2
2007,1,478,3588,1.0,10,0.2
2007,1,480,3588,0.0,10,0.5
2007,1,482,3588,0.0,10,0.5
2007,1,484,3588,0.0,5,0.5
2007,2,598,3588,0.0,10,0.5
2007,2,600,3588,0.0,10,0.5
2007,2,602,3588,0.0,10,0.5
2007,2,604,3588,0.0,5,0.5
2007,3,718,3588,1.0,10,0.2
2007,3,720,3588,1.0,10,0.2
2007,3,722,3588,1.0,10,0.2
2007,3,724,3588,1.0,5,0.2
2007,4,838,3588,0.0,10,0.2
2007,4,840,3588,1.0,10,0.2
2007,4,842,3588,1.0,10,0.2
2007,4,844,3588,1.0,5,0.2
2007,5,958,3588,0.0,10,0.2
2007,5,960,3588,1.0,10,0.2
2007,5,962,3588,1.0,10,0.2
2007,5,964,3588,1.0,5,0.2
2007,6,1078,3588,0.0,10,0.2
2007,6,1080,3588,0.0,10,0.5
2007,6,1082,3588,0.0,10,0.5
2007,6,1084,3588,0.0,5,0.5
2008,0,469,4783,1.0,10,0.2
2008,0,471,4783,0.0,10,0.2
2008,0,473,4783,0.0,10,0.2
2008,1,555,100,0.0,10,0.5
2008,1,557,100,0.0,10,0.5
2008,1,559,100,0.0,5,0.5
2010,0,458,100,0.0,10,0.2
2010,0,460,100,0.0,10,0.2
2010,0,462,100,0.0,10,0.2
2010,0,464,100,0.0,10,0.2
2010,0,466,100,0.0,10,0.2
2010,1,491,3745,0.0,10,0.5
2010,1,493,3745,0.0,10,0.5
2010,1,495,3745,0.0,10,0.5
2010,1,497,3745,0.0,10,0.5
2010,1,499,3745,0.0,5,0.5
2010,2,529,100,0.0,10,0.5
2010,2,531,100,0.0,10,0.5
2010,2,533,100,0.0,10,0.5
2010,3,551,100,0.0,10,0.5
2010,3,553,100,0.0,10,0.5
2010,3,555,100,0.0,10,0.5
2010,4,573,100,0.0,10,0.5
2010,4,575,100,0.0,10,0.5
2010,4,577,100,0.0,10,0.5
2011,0,468,165,0.0,10,0.2
2011,0,470,165,0.0,10,0.2
2011,0,472,165,0.0,10,0.2
2011,0,474,165,0.0,10,0.2
2011,0,476,165,0.0,10,0.2
2011,0,478,165,0.0,10,0.2
2011,1,535,165,0.0,10,0.5
2011,1,537,165,0.0,10,0.5
2011,1,539,165,0.0,5,0.5
2013,0,536,3588,0.0,10,0.5
2013,0,538,3588,0.0,10,0.5
2013,0,540,3588,0.0,10,0.5
2013,0,542,3588,0.0,10,0.5
2013,0,544,3588,0.0,5,0.5
2013,1,658,3588,0.0,10,0.5
2013,1,660,3588,1.0,10,0.2
2013,1,662,3588,1.0,10,0.2
2013,1,664,3588,1.0,5,0.2
2013,2,778,3588,1.0,10,0.2
2013,2,780,3588,1.0,10,0.2
2013,2,782,3588,1.0,10,0.2
2013,2,784,3588,0.0,5,0.2
2013,3,898,3588,1.0,10,0.2
2013,3,900,3588,1.0,10,0.2
2013,3,902,3588,1.0,10,0.2
2013,3,904,3588,0.0,5,0.2
2013,4,1018,3588,0.0,10,0.2
2013,4,1020,3588,0.0,10,0.2
2013,4,1022,3588,0.0,10,0.2
2013,4,1024,3588,0.0,5,0.2
2015,0,436,100,1.0,10,0.2
2015,0,438,100,1.0,10,0.2
2015,0,440,100,1.0,10,0.2
2015,1,458,100,1.0,10,0.2
2015,1,460,100,1.0,10,0.2
2015,1,462,100,1.0,10,0.2
2015,2,480,100,0.0,10,0.5
2015,2,482,100,0.0,10,0.5
2015,2,484,100,0.0,10,0.5
2015,3,502,100,0.0,10,0.5
2015,3,504,100,0.0,10,0.5
2015,3,506,100,0.0,10,0.5
2015,4,524,100,0.0,10,0.5
2015,4,526,100,0.0,10,0.5
2015,4,528,100,0.0,10,0.5
2015,5,546,100,0.0,10,0.5
2015,5,548,100,0.0,10,0.5
2015,5,550,100,0.0,10,0.5
2015,6,568,100,0.0,10,0.5
2015,6,570,100,0.0,10,0.5
2015,6,572,100,0.0,10,0.5
2015,7,590,100,0.0,10,0.5
2015,7,592,100,0.0,10,0.5
2015,7,594,100,0.0,10,0.5
2015,8,612,100,0.0,10,0.5
2015,8,614,100,0.0,10,0.5
2015,8,616,100,0.0,10,0.5
2015,9,634,100,0.0,10,0.5
2015,9,636,100,0.0,10,0.5
2015,9,638,100,0.0,10,0.5
2015,10,656,100,0.0,10,0.5
2015,10,658,100,0.0,10,0.5
2015,10,660,100,0.0,10,0.2
2015,11,678,100,0.0,10,0.2
2015,11,680,100,0.0,10,0.2
2015,11,682,100,0.0,10,0.2
2015,12,700,100,0.0,10,0.2
2015,12,702,100,0.0,10,0.2
2015,12,704,100,0.0,10,0.2
2015,13,722,100,0.0,10,0.2
2015,13,724,100,0.0,10,0.2
2015,13,726,100,0.0,10,0.2
2015,14,744,100,0.0,10,0.2
2015,14,746,100,0.0,10,0.2
2015,14,748,100,0.0,10,0.2
2015,15,766,100,0.0,10,0.2
2015,15,768,100,0.0,10,0.2
2015,15,770,100,1.0,10,0.2
2015,16,788,100,0.0,10,0.2
2015,16,790,100,0.0,10,0.2
2015,16,792,100,0.0,10,0.2
2015,17,810,100,0.0,10,0.2
2015,17,812,100,0.0,10,0.2
2015,17,814,100,0.0,10,0.2
2015,18,832,100,0.0,10,0.2
2015,18,834,100,0.0,10,0.2
2015,18,836,100,0.0,10,0.2
2015,19,854,100,1.0,10,0.2
2015,19,856,100,0.0,10,0.2
2015,19,858,100,0.0,10,0.2
2015,20,876,100,1.0,10,0.2
2015,20,878,100,0.0,10,0.2
2015,20,880,100,0.0,10,0.2
2015,21,898,100,0.0,10,0.2
2015,21,900,100,0.0,10,0.2
2015,21,902,100,1.0,10,0.2
2015,22,920,100,0.0,10,0.2
2015,22,922,100,0.0,10,0.2
2015,22,924,100,0.0,10,0.2
2015,23,942,100,0.0,10,0.2
2015,23,944,100,0.0,10,0.2
2015,23,946,100,0.0,10,0.2
2015,24,964,100,0.0,10,0.2
2015,24,966,100,0.0,10,0.2
2015,24,968,100,0.0,10,0.2
2015,25,986,165,0.0,10,0.2
2015,25,988,165,0.0,10,0.2
2015,25,990,165,0.0,10,0.2
2015,25,992,165,0.0,10,0.2
2015,25,994,165,0.0,10,0.2
2015,25,996,165,0.0,10,0.2
2015,25,998,165,0.0,10,0.2
2016,0,454,3785,1.0,10,0.2
2016,0,456,3785,1.0,10,0.2
2016,0,458,3785,1.0,10,0.2
2016,0,460,3785,1.0,10,0.2
2016,0,462,3785,1.0,10,0.2
2016,0,464,3785,1.0,10,0.2
2016,1,535,165,0.0,10,0.5
2016,1,537,165,0.0,10,0.5
2016,1,539,165,0.0,5,0.5
2016,2,574,3785,0.0,10,0.5
2016,2,576,3785,0.0,10,0.5
2016,2,578,3785,0.0,10,0.5
2016,2,580,3785,0.0,10,0.5
2016,2,582,3785,0.0,10,0.5
2016,2,584,3785,0.0,10,0.5
2016,3,655,165,0.0,10,0.5
2016,3,657,165,0.0,10,0.5
2016,3,659,165,0.0,5,0.5
2016,4,694,3785,1.0,10,0.2
2016,4,696,3785,1.0,10,0.2
2016,4,698,3785,1.0,10,0.2
2016,4,700,3785,1.0,10,0.2
2016,5,775,165,1.0,10,0.2
2016,5,777,165,1.0,10,0.2
2016,5,779,165,1.0,5,0.2
2016,6,811,3785,1.0,10,0.2
2016,6,813,3785,1.0,10,0.2
2016,6,815,3785,1.0,10,0.2
2016,6,817,3785,1.0,10,0.2
2016,7,895,165,0.0,10,0.2
2016,7,897,165,0.0,10,0.2
2016,7,899,165,0.0,5,0.2
2016,8,931,3785,0.0,10,0.2
2016,8,933,3785,1.0,10,0.2
2016,8,935,3785,0.0,10,0.2
2016,8,937,3785,1.0,10,0.2
2016,9,1015,165,0.0,10,0.2
2016,9,1017,165,0.0,10,0.2
2016,9,1019,165,0.0,5,0.2
2016,10,1051,3785,0.0,10,0.2
2016,10,1053,3785,0.0,10,0.2
2016,10,1055,3785,0.0,10,0.2
2016,10,1057,3785,0.0,10,0.2
2016,11,1135,165,0.0,10,0.5
2016,11,1137,165,0.0,10,0.5
2016,11,1139,165,0.0,5,0.5
2017,0,568,3588,0.0,10,0.5
2017,0,570,3588,1.0,10,0.5
2017,0,572,3588,1.0,10,0.5
2017,0,574,3588,1.0,5,0.5
2017,1,688,3588,1.0,10,0.2
2017,1,690,3588,1.0,10,0.2
2017,1,692,3588,1.0,10,0.2
2017,1,694,3588,1.0,5,0.2
2017,2,808,3588,1.0,10,0.2
2017,2,810,3588,1.0,10,0.2
2017,2,812,3588,1.0,10,0.2
2017,2,814,3588,1.0,5,0.2
2017,3,928,3588,1.0,10,0.2
2017,3,930,3588,1.0,10,0.2
2017,3,932,3588,1.0,10,0.2
2017,3,934,3588,1.0,5,0.2
2017,4,1048,3588,1.0,10,0.2
2017,4,1050,3588,1.0,10,0.2
2017,4,1052,3588,1.0,10,0.2
2017,4,1054,3588,1.0,5,0.2
2017,5,1122,100,1.0,10,0.5
2017,5,1124,100,0.0,10,0.5
2017,5,1126,100,0.0,10,0.5
2017,5,1128,100,0.0,10,0.5
2017,5,1130,100,0.0,5,0.5
2017,6,1255,165,0.0,10,0.5
2017,6,1257,165,0.0,10,0.5
2017,6,1259,165,0.0,5,0.5
2017,7,1323,165,0.0,10,0.1
2017,7,1325,165,0.0,10,0.1
2017,7,1327,165,0.0,10,0.1
2017,7,1329,165,0.0,5,0.1
2018,0,445,373,0.0,10,0.2
2018,0,447,373,0.0,10,0.2
2018,0,449,373,0.0,5,0.2
2018,1,472,165,1.0,10,0.2
2018,1,474,165,1.0,10,0.2
2018,1,476,165,1.0,10,0.2
2018,1,478,165,1.0,10,0.2
2018,2,538,165,0.0,10,0.5
2018,2,540,165,0.0,10,0.5
2018,2,542,165,0.0,10,0.5
2018,2,544,165,0.0,10,0.5
2018,2,546,165,0.0,10,0.5
2018,3,565,373,0.0,10,0.5
2018,3,567,373,0.0,10,0.5
2018,3,569,373,0.0,5,0.5
2018,4,592,165,0.0,10,0.5
2018,4,594,165,0.0,10,0.5
2018,4,596,165,0.0,10,0.5
2018,4,598,165,0.0,10,0.5
2018,5,660,165,1.0,10,0.2
2018,5,662,165,1.0,10,0.2
2018,5,664,165,1.0,10,0.2
2018,5,666,165,1.0,10,0.2
2018,6,685,373,0.0,10,0.2
2018,6,687,373,0.0,10,0.2
2018,6,689,373,0.0,5,0.2
2018,7,712,165,0.0,10,0.2
2018,7,714,165,0.0,10,0.2
2018,7,716,165,0.0,10,0.2
2018,7,718,165,0.0,10,0.2
2018,8,780,165,1.0,10,0.2
2018,8,782,165,1.0,10,0.2
2018,8,784,165,1.0,10,0.2
2018,8,786,165,1.0,10,0.2
2018,9,807,373,0.0,10,0.2
2018,9,809,373,0.0,10,0.2
2018,9,811,373,0.0,5,0.2
2018,10,834,165,1.0,10,0.2
2018,10,836,165,1.0,10,0.2
2018,10,838,165,0.0,10,0.2
2018,11,899,165,1.0,10,0.2
2018,11,901,165,0.0,10,0.2
2018,11,903,165,0.0,10,0.2
2018,11,905,165,1.0,10,0.2
2018,11,907,165,0.0,5,0.2
2018,12,927,373,0.0,10,0.2
2018,12,929,373,0.0,10,0.2
2018,12,931,373,0.0,5,0.2
2018,13,954,165,0.0,10,0.2
2018,13,956,165,0.0,10,0.2
2018,13,958,165,1.0,10,0.2
2018,14,1019,165,1.0,10,0.2
2018,14,1021,165,1.0,10,0.2
2018,14,1023,165,1.0,10,0.2
2018,14,1025,165,1.0,10,0.2
2018,14,1027,165,0.0,5,0.2
2018,15,1047,373,0.0,10,0.2
2018,15,1049,373,0.0,10,0.2
2018,15,1051,373,0.0,5,0.2
2018,16,1074,165,0.0,10,0.2
2018,16,1076,165,0.0,10,0.2
2018,16,1078,165,1.0,10,0.2
2018,17,1139,165,0.0,10,0.5
2018,17,1141,165,0.0,10,0.5
2018,17,1143,165,0.0,10,0.5
2018,17,1145,165,0.0,10,0.5
2018,17,1147,165,0.0,5,0.5
2018,18,1167,373,0.0,10,0.5
2018,18,1169,373,0.0,10,0.5
2018,18,1171,373,0.0,5,0.5
2018,19,1194,165,0.0,10,0.5
2018,19,1196,165,0.0,10,0.5
2018,19,1198,165,0.0,10,0.5
2018,20,1230,2546,0.0,10,0.5
2018,20,1232,2546,0.0,10,0.5
2018,20,1234,2546,0.0,5,0.5
2018,21,1259,165,0.0,10,0.5
2018,21,1261,165,0.0,10,0.1
2018,21,1263,165,0.0,10,0.1
2018,21,1265,165,0.0,10,0.1
2018,21,1267,165,0.0,5,0.1
2019,0,447,100,1.0,10,0.2
2019,0,449,100,1.0,10,0.2
2019,0,451,100,1.0,10,0.2
2019,1,469,100,1.0,10,0.2
2019,1,471,100,1.0,10,0.2
2019,1,473,100,1.0,10,0.2
2019,2,491,100,0.0,10,0.5
2019,2,493,100,0.0,10,0.5
2019,2,495,100,0.0,10,0.5
2019,3,513,100,0.0,10,0.5
2019,3,515,100,0.0,10,0.5
2019,3,517,100,0.0,10,0.5
2019,4,535,100,0.0,10,0.5
2019,4,537,100,0.0,10,0.5
2019,4,539,100,0.0,10,0.5
2019,5,557,100,0.0,10,0.5
2019,5,559,100,0.0,10,0.5
2019,5,561,100,0.0,10,0.5
2019,6,579,100,0.0,10,0.5
2019,6,581,100,0.0,10,0.5
2019,6,583,100,0.0,10,0.5
2019,7,601,100,0.0,10,0.5
2019,7,603,100,0.0,10,0.5
2019,7,605,100,0.0,10,0.5
2019,8,623,100,0.0,10,0.5
2019,8,625,100,0.0,10,0.5
2019,8,627,100,0.0,10,0.5
2019,9,645,100,0.0,10,0.5
2019,9,647,100,0.0,10,0.5
2019,9,649,100,0.0,10,0.5
2019,10,667,100,0.0,10,0.2
2019,10,669,100,0.0,10,0.2
2019,10,671,100,0.0,10,0.2
2019,11,689,100,0.0,10,0.2
2019,11,691,100,0.0,10,0.2
2019,11,693,100,0.0,10,0.2
2019,12,711,100,0.0,10,0.2
2019,12,713,100,0.0,10,0.2
2019,12,715,100,0.0,10,0.2
2019,13,733,100,0.0,10,0.2
2019,13,735,100,0.0,10,0.2
2019,13,737,100,0.0,10,0.2
2019,14,755,100,0.0,10,0.2
2019,14,757,100,0.0,10,0.2
2019,14,759,100,0.0,10,0.2
2019,15,777,100,0.0,10,0.2
2019,15,779,100,0.0,10,0.2
2019,15,781,100,0.0,10,0.2
2019,16,799,100,0.0,10,0.2
2019,16,801,100,0.0,10,0.2
2019,16,803,100,0.0,10,0.2
2019,17,821,100,0.0,10,0.2
2019,17,823,100,0.0,10,0.2
2019,17,825,100,1.0,10,0.2
2019,18,843,100,0.0,10,0.2
2019,18,845,100,0.0,10,0.2
2019,18,847,100,1.0,10,0.2
2019,19,865,100,1.0,10,0.2
2019,19,867,100,0.0,10,0.2
2019,19,869,100,0.0,10,0.2
2019,20,887,100,0.0,10,0.2
2019,20,889,100,0.0,10,0.2
2019,20,891,100,1.0,10,0.2
2019,21,909,100,0.0,10,0.2
2019,21,911,100,0.0,10,0.2
2019,21,913,100,0.0,10,0.2
2019,22,931,100,0.0,10,0.2
2019,22,933,100,0.0,10,0.2
2019,22,935,100,0.0,10,0.2
2019,23,953,100,0.0,10,0.2
2019,23,955,100,0.0,10,0.2
2019,23,957,100,0.0,10,0.2
2019,24,975,165,0.0,10,0.2
2019,24,977,165,0.0,10,0.2
2019,24,979,165,0.0,10,0.2
2019,24,981,165,0.0,10,0.2
2019,24,983,165,0.0,10,0.2
2019,24,985,165,0.0,10,0.2
2019,24,987,165,0.0,10,0.2
2019,24,989,165,0.0,10,0.2
2019,24,991,165,0.0,5,0.2
2020,0,539,165,1.0,10,0.5
2020,0,541,165,0.0,10,0.5
2020,0,543,165,1.0,10,0.5
2020,1,594,165,0.0,10,0.5
2020,1,596,165,0.0,10,0.5
2020,1,598,165,0.0,10,0.5
2020,2,623,2339,0.0,10,0.5
2020,2,625,2339,0.0,10,0.5
2020,2,627,2339,0.0,5,0.5
2021,0,492,165,0.0,10,0.5
2021,0,494,165,0.0,10,0.5
2021,0,496,165,0.0,10,0.5
2021,0,498,165,1.0,10,0.5
2021,1,537,165,0.0,10,0.5
2021,1,539,165,0.0,10,0.5
2021,1,541,165,0.0,10,0.5
2021,1,543,165,0.0,10,0.5
2021,2,582,165,0.0,10,0.5
2021,2,584,165,0.0,10,0.5
2021,2,586,165,0.0,10,0.5
2021,2,588,165,0.0,10,0.5
2021,3,627,165,0.0,10,0.5
2021,3,629,165,0.0,10,0.5
2021,3,631,165,0.0,10,0.5
2021,3,633,165,0.0,10,0.5
2021,4,672,165,1.0,10,0.2
2021,4,674,165,1.0,10,0.2
2021,4,676,165,1.0,10,0.2
2021,4,678,165,1.0,10,0.2
2021,5,717,165,0.0,10,0.2
2021,5,719,165,0.0,10,0.2
2021,5,721,165,0.0,10,0.2
2021,5,723,165,0.0,10,0.2
2021,6,762,165,1.0,10,0.2
2021,6,764,165,1.0,10,0.2
2021,6,766,165,0.0,10,0.2
2021,6,768,165,0.0,10,0.2
2021,7,807,165,0.0,10,0.2
2021,7,809,165,0.0,10,0.2
2021,7,811,165,0.0,10,0.2
2021,7,813,165,0.0,10,0.2
2021,8,852,165,1.0,10,0.2
2021,8,854,165,1.0,10,0.2
2021,8,856,165,1.0,10,0.2
2021,8,858,165,1.0,10,0.2
2021,9,897,165,0.0,10,0.2
2021,9,899,165,0.0,10,0.2
2021,9,901,165,0.0,10,0.2
2021,9,903,165,0.0,10,0.2
2021,10,942,165,0.0,10,0.2
2021,10,944,165,0.0,10,0.2
2021,10,946,165,0.0,10,0.2
2021,10,948,165,1.0,10,0.2
2021,11,987,165,0.0,10,0.2
2021,11,989,165,0.0,10,0.2
2021,11,991,165,1.0,10,0.2
2021,11,993,165,1.0,10,0.2
2021,12,1032,165,0.0,10,0.2
2021,12,1034,165,0.0,10,0.2
2021,12,1036,165,0.0,10,0.2
2021,12,1038,165,0.0,10,0.2
2021,13,1077,165,0.0,10,0.2
2021,13,1079,165,0.0,10,0.2
2021,13,1081,165,0.0,10,0.5
2021,13,1083,165,0.0,10,0.5
2021,14,1122,165,0.0,10,0.5
2021,14,1124,165,0.0,10,0.5
2021,14,1126,165,0.0,10,0.5
2021,14,1128,165,0.0,10,0.5
2022,0,493,1553,0.0,10,0.5
2022,0,495,1553,0.0,10,0.5
2022,0,497,1553,0.0,10,0.5
2022,0,499,1553,0.0,10,0.5
2022,1,526,1553,0.0,10,0.5
2022,1,528,1553,0.0,10,0.5
2022,1,530,1553,0.0,10,0.5
2022,1,532,1553,0.0,10,0.5
2022,2,559,1553,1.0,10,0.5
2022,2,561,1553,0.0,10,0.5
2022,2,563,1553,0.0,10,0.5
2022,2,565,1553,0.0,10,0.5
2022,3,592,1553,0.0,10,0.5
2022,3,594,1553,0.0,10,0.5
2022,3,596,1553,0.0,10,0.5
2022,3,598,1553,0.0,10,0.5
2022,4,625,1553,0.0,10,0.5
2022,4,627,1553,0.0,10,0.5
2022,4,629,1553,0.0,10,0.5
2022,4,631,1553,0.0,10,0.5
2022,5,658,1553,0.0,10,0.5
2022,5,660,1553,0.0,10,0.2
2022,5,662,1553,0.0,10,0.2
2022,5,664,1553,1.0,10,0.2
2022,6,691,1553,0.0,10,0.2
2022,6,693,1553,0.0,10,0.2
2022,6,695,1553,0.0,10,0.2
2022,6,697,1553,1.0,10,0.2
2022,7,724,1553,1.0,10,0.2
2022,7,726,1553,1.0,10,0.2
2022,7,728,1553,1.0,10,0.2
2022,7,730,1553,1.0,10,0.2
2022,8,757,1553,0.0,10,0.2
2022,8,759,1553,0.0,10,0.2
2022,8,761,1553,0.0,10,0.2
2022,8,763,1553,1.0,10,0.2
2022,9,790,1553,0.0,10,0.2
2022,9,792,1553,0.0,10,0.2
2022,9,794,1553,0.0,10,0.2
2022,9,796,1553,0.0,10,0.2
2022,10,823,1553,0.0,10,0.2
2022,10,825,1553,0.0,10,0.2
2022,10,827,1553,0.0,10,0.2
2022,10,829,1553,0.0,10,0.2
2022,11,856,1553,0.0,10,0.2
2022,11,858,1553,0.0,10,0.2
2022,11,860,1553,0.0,10,0.2
2022,11,862,1553,0.0,10,0.2
2022,12,889,1553,0.0,10,0.2
2022,12,891,1553,0.0,10,0.2
2022,12,893,1553,0.0,10,0.2
2022,12,895,1553,0.0,10,0.2
2022,13,922,1553,0.0,10,0.2
2022,13,924,1553,1.0,10,0.2
2022,13,926,1553,0.0,10,0.2
2022,13,928,1553,1.0,10,0.2
2022,14,955,1553,0.0,10,0.2
2022,14,957,1553,0.0,10,0.2
2022,14,959,1553,0.0,10,0.2
2022,14,961,1553,0.0,10,0.2
2022,15,988,1555,0.0,10,0.2
2022,15,990,1555,0.0,10,0.2
2022,15,992,1555,0.0,10,0.2
2022,15,994,1555,0.0,5,0.2
2023,0,543,4365,0.0,10,0.5
2023,0,545,4365,0.0,10,0.5
2023,0,547,4365,1.0,5,0.5
2023,1,628,3588,1.0,10,0.5
2023,1,630,3588,1.0,10,0.5
2023,1,632,3588,1.0,10,0.5
2023,1,634,3588,0.0,5,0.5
2023,2,748,3588,1.0,10,0.2
2023,2,750,3588,1.0,10,0.2
2023,2,752,3588,1.0,10,0.2
2023,2,754,3588,1.0,5,0.2
2023,3,868,3588,1.0,10,0.2
2023,3,870,3588,1.0,10,0.2
2023,3,872,3588,1.0,10,0.2
2023,3,874,3588,0.0,5,0.2
2023,4,988,3588,0.0,10,0.2
2023,4,990,3588,1.0,10,0.2
2023,4,992,3588,1.0,10,0.2
2023,4,994,3588,1.0,5,0.2
2023,5,1108,3588,0.0,10,0.5
2023,5,1110,3588,0.0,10,0.5
2023,5,1112,3588,0.0,10,0.5
2023,5,1114,3588,0.0,5,0.5
2024,0,532,4783,0.0,10,0.5
2024,0,534,4783,0.0,10,0.5
2024,0,536,4783,0.0,10,0.5
2024,0,538,4783,0.0,10,0.5
2024,1,578,165,0.0,10,0.5
2024,1,580,165,0.0,10,0.5
2024,1,582,165,1.0,10,0.5
2024,1,584,165,0.0,5,0.5
2024,2,599,1553,0.0,10,0.5
2024,2,601,1553,0.0,10,0.5
2024,2,603,1553,0.0,10,0.5
2024,2,605,1553,0.0,10,0.5
2024,2,607,1553,0.0,10,0.5
2024,2,609,1553,0.0,10,0.5
2024,3,636,1553,0.0,10,0.5
2024,3,638,1553,0.0,10,0.5
2024,3,640,1553,0.0,10,0.5
2024,3,642,1553,0.0,10,0.5
2024,4,669,1553,1.0,10,0.2
2024,4,671,1553,1.0,10,0.2
2024,4,673,1553,0.0,10,0.2
2024,4,675,1553,0.0,10,0.2
2024,5,702,1553,0.0,10,0.2
2024,5,704,1553,0.0,10,0.2
2024,5,706,1553,0.0,10,0.2
2024,5,708,1553,0.0,10,0.2
2024,6,735,1553,1.0,10,0.2
2024,6,737,1553,1.0,10,0.2
2024,6,739,1553,0.0,10,0.2
2024,6,741,1553,0.0,10,0.2
2024,7,768,1553,0.0,10,0.2
2024,7,770,1553,0.0,10,0.2
2024,7,772,1553,0.0,10,0.2
2024,7,774,1553,0.0,10,0.2
2024,8,801,1553,1.0,10,0.2
2024,8,803,1553,1.0,10,0.2
2024,8,805,1553,1.0,10,0.2
2024,8,807,1553,1.0,10,0.2
2024,9,834,1553,0.0,10,0.2
2024,9,836,1553,0.0,10,0.2
2024,9,838,1553,0.0,10,0.2
2024,9,840,1553,0.0,10,0.2
2024,10,867,1553,1.0,10,0.2
2024,10,869,1553,1.0,10,0.2
2024,10,871,1553,1.0,10,0.2
2024,10,873,1553,1.0,10,0.2
2024,11,900,1553,0.0,10,0.2
2024,11,902,1553,0.0,10,0.2
2024,11,904,1553,0.0,10,0.2
2024,11,906,1553,0.0,10,0.2
2024,12,933,1553,0.0,10,0.2
2024,12,935,1553,0.0,10,0.2
2024,12,937,1553,0.0,10,0.2
2024,12,939,1553,0.0,10,0.2
2024,13,966,1553,0.0,10,0.2
2024,13,968,1553,0.0,10,0.2
2024,13,970,1553,0.0,10,0.2
2024,13,972,1553,0.0,10,0.2
2024,14,999,1553,0.0,10,0.2
2024,14,1001,1553,0.0,10,0.2
2024,14,1003,1553,0.0,10,0.2
2024,14,1005,1553,0.0,10,0.2
2024,15,1032,1553,1.0,10,0.2
2024,15,1034,1553,0.0,10,0.2
2024,15,1036,1553,0.0,10,0.2
2024,15,1038,1553,0.0,10,0.2
2024,16,1065,1553,0.0,10,0.2
2024,16,1067,1553,0.0,10,0.2
2024,16,1069,1553,0.0,10,0.2
2024,16,1071,1553,0.0,10,0.2
2024,17,1098,1553,0.0,10,0.5
2024,17,1100,1553,0.0,10,0.5
2024,17,1102,1553,0.0,10,0.5
2024,17,1104,1553,0.0,10,0.5
2024,18,1131,1553,0.0,10,0.5
2024,18,1133,1553,0.0,10,0.5
2024,18,1135,1553,0.0,10,0.5
2024,18,1137,1553,0.0,10,0.5
2024,19,1164,1553,0.0,10,0.5
2024,19,1166,1553,0.0,10,0.5
2024,19,1168,1553,0.0,10,0.5
2024,19,1170,1553,0.0,10,0.5
2026,0,747,373,0.0,10,0.2
2026,0,749,373,0.0,10,0.2
2026,0,751,373,0.0,5,0.2
2026,1,774,165,0.0,10,0.2
2026,1,776,165,0.0,10,0.2
2026,1,778,165,1.0,10,0.2
2026,2,840,165,1.0,10,0.2
2026,2,842,165,1.0,10,0.2
2026,2,844,165,1.0,10,0.2
2026,2,846,165,1.0,10,0.2
2026,3,867,373,0.0,10,0.2
2026,3,869,373,0.0,10,0.2
2026,3,871,373,0.0,5,0.2
2026,4,894,165,0.0,10,0.2
2026,4,896,165,1.0,10,0.2
2026,4,898,165,0.0,10,0.2
2026,5,959,165,1.0,10,0.2
2026,5,961,165,1.0,10,0.2
2026,5,963,165,0.0,10,0.2
2026,5,965,165,1.0,10,0.2
2026,5,967,165,1.0,5,0.2
2026,6,987,373,0.0,10,0.2
2026,6,989,373,0.0,10,0.2
2026,6,991,373,0.0,5,0.2
2026,7,1014,165,1.0,10,0.2
2026,7,1016,165,1.0,10,0.2
2026,7,1018,165,0.0,10,0.2
2026,8,1079,165,0.0,10,0.2
2026,8,1081,165,0.0,10,0.5
2026,8,1083,165,0.0,10,0.5
2026,8,1085,165,0.0,10,0.5
2026,8,1087,165,0.0,5,0.5
2026,9,1107,373,0.0,10,0.5
2026,9,1109,373,0.0,10,0.5
2026,9,1111,373,0.0,5,0.5
2026,10,1134,165,0.0,10,0.5
2026,10,1136,165,0.0,10,0.5
2026,10,1138,165,0.0,10,0.5
2026,11,1199,165,0.0,10,0.5
2026,11,1201,165,0.0,10,0.5
2026,11,1203,165,0.0,10,0.5
2026,11,1205,165,0.0,10,0.5
2026,11,1207,165,0.0,5,0.5
2026,12,1221,373,0.0,10,0.5
2026,12,1223,373,0.0,10,0.5
2026,12,1225,373,0.0,5,0.5
2027,0,911,4365,0.0,10,0.2
2027,0,913,4365,0.0,10,0.2
2027,0,915,4365,0.0,10,0.2
2027,0,917,4365,0.0,10,0.2
2027,0,919,4365,1.0,5,0.2
2027,1,981,165,0.0,10,0.2
2027,1,983,165,0.0,10,0.2
2027,1,985,165,0.0,10,0.2
2027,1,987,165,0.0,10,0.2
2027,1,989,165,0.0,10,0.2
2027,1,991,165,0.0,10,0.2
2027,1,993,165,0.0,10,0.2
2029,0,1055,165,1.0,10,0.2
2029,0,1057,165,1.0,10,0.2
2029,0,1059,165,1.0,10,0.2
2029,0,1061,165,1.0,10,0.2
2029,0,1063,165,1.0,10,0.2
2029,1,1100,4783,0.0,10,0.5
2029,1,1102,4783,0.0,10,0.5
2029,1,1104,4783,0.0,10,0.5
2029,1,1106,4783,0.0,10,0.5
2029,1,1108,4783,0.0,10,0.5
2029,1,1110,4783,0.0,10,0.5
2029,1,1112,4783,0.0,10,0.5
2029,1,1114,4783,0.0,5,0.5
2029,2,1192,165,0.0,10,0.5
2029,2,1194,165,0.0,10,0.5
2029,2,1196,165,0.0,10,0.5
2029,2,1198,165,0.0,10,0.5
3001,0,444,3588,1.0,10,0.2
3001,0,446,3588,1.0,10,0.2
3001,0,448,3588,1.0,10,0.2
3001,1,504,3588,1.0,10,0.5
3001,1,506,3588,1.0,10,0.5
3001,1,508,3588,0.0,10,0.5
3001,2,564,3588,0.0,10,0.5
3001,2,566,3588,0.0,10,0.5
3001,2,568,3588,1.0,10,0.5
3001,3,624,3588,0.0,10,0.5
3001,3,626,3588,0.0,10,0.5
3001,3,628,3588,0.0,10,0.5
3001,4,685,3588,1.0,10,0.2
3001,4,687,3588,1.0,10,0.2
3001,4,689,3588,1.0,5,0.2
3001,5,745,3588,1.0,10,0.2
3001,5,747,3588,1.0,10,0.2
3001,5,749,3588,1.0,5,0.2
3001,6,805,3588,1.0,10,0.2
3001,6,807,3588,1.0,10,0.2
3001,6,809,3588,1.0,5,0.2
3001,7,865,3588,1.0,10,0.2
3001,7,867,3588,1.0,10,0.2
3001,7,869,3588,1.0,5,0.2
3001,8,925,3588,1.0,10,0.2
3001,8,927,3588,1.0,10,0.2
3001,8,929,3588,1.0,5,0.2
3001,9,985,3588,1.0,10,0.2
3001,9,987,3588,1.0,10,0.2
3001,9,989,3588,1.0,5,0.2
3001,10,1045,3588,1.0,10,0.2
3001,10,1047,3588,1.0,10,0.2
3001,10,1049,3588,1.0,5,0.2
3001,11,1105,3588,0.0,10,0.5
3001,11,1107,3588,0.0,10,0.5
3001,11,1109,3588,0.0,5,0.5
3001,12,1165,3588,0.0,10,0.5
3001,12,1167,3588,1.0,10,0.5
3001,12,1169,3588,0.0,5,0.5
3001,13,1224,3588,0.0,10,0.5
3001,13,1226,3588,0.0,10,0.5
3001,13,1228,3588,1.0,10,0.5
3001,14,1284,3588,0.0,10,0.1
3001,14,1286,3588,0.0,10,0.1
3001,14,1288,3588,0.0,10,0.1
3002,0,505,165,0.0,10,0.5
3002,0,507,165,0.0,10,0.5
3002,0,509,165,0.0,5,0.5
3002,1,529,5771,0.0,10,0.5
3002,1,531,5771,0.0,10,0.5
3002,1,533,5771,0.0,10,0.5
3004,0,494,100,1.0,10,0.5
3004,0,496,100,0.0,10,0.5
3004,0,498,100,1.0,10,0.5
3004,0,500,100,1.0,5,0.5
3004,1,534,165,1.0,10,0.5
3004,1,536,165,0.0,10,0.5
3004,1,538,165,1.0,10,0.5
3004,2,654,165,1.0,10,0.5
3004,2,656,165,0.0,10,0.5
3004,2,658,165,0.0,10,0.5
3004,3,742,165,0.0,10,0.2
3004,3,744,165,0.0,10,0.2
3004,3,746,165,0.0,10,0.2
3004,3,748,165,0.0,10,0.2
3005,0,521,2339,0.0,10,0.5
3005,0,523,2339,0.0,10,0.5
3005,0,525,2339,0.0,10,0.5
3005,0,527,2339,0.0,10,0.5
3005,0,529,2339,0.0,5,0.5
3006,0,474,3588,1.0,10,0.2
3006,0,476,3588,1.0,10,0.2
3006,0,478,3588,1.0,10,0.2
3006,1,534,3588,0.0,10,0.5
3006,1,536,3588,0.0,10,0.5
3006,1,538,3588,0.0,10,0.5
3006,2,594,3588,0.0,10,0.5
3006,2,596,3588,0.0,10,0.5
3006,2,598,3588,0.0,10,0.5
3006,3,654,3588,1.0,10,0.5
3006,3,656,3588,1.0,10,0.5
3006,3,658,3588,1.0,10,0.5
3006,4,715,3588,1.0,10,0.2
3006,4,717,3588,1.0,10,0.2
3006,4,719,3588,1.0,5,0.2
3006,5,775,3588,1.0,10,0.2
3006,5,777,3588,1.0,10,0.2
3006,5,779,3588,1.0,5,0.2
3006,6,835,3588,1.0,10,0.2
3006,6,837,3588,1.0,10,0.2
3006,6,839,3588,1.0,5,0.2
3006,7,895,3588,1.0,10,0.2
3006,7,897,3588,1.0,10,0.2
3006,7,899,3588,1.0,5,0.2
3006,8,955,3588,1.0,10,0.2
3006,8,957,3588,1.0,10,0.2
3006,8,959,3588,1.0,5,0.2
3006,9,1015,3588,1.0,10,0.2
3006,9,1017,3588,1.0,10,0.2
3006,9,1019,3588,1.0,5,0.2
3006,10,1075,3588,1.0,10,0.2
3006,10,1077,3588,1.0,10,0.2
3006,10,1079,3588,1.0,5,0.2
3006,11,1135,3588,0.0,10,0.5
3006,11,1137,3588,1.0,10,0.5
3006,11,1139,3588,0.0,5,0.5
3006,12,1194,3588,0.0,10,0.5
3006,12,1196,3588,0.0,10,0.5
3006,12,1198,3588,0.0,10,0.5
3006,13,1254,3588,1.0,10,0.5
3006,13,1256,3588,0.0,10,0.5
3006,13,1258,3588,0.0,10,0.5
3006,14,1314,3588,0.0,10,0.1
3006,14,1316,3588,0.0,10,0.1
3006,14,1318,3588,0.0,10,0.1
3007,0,500,2546,0.0,10,0.5
3007,0,502,2546,0.0,10,0.5
3007,0,504,2546,0.0,5,0.5
3007,1,539,165,0.0,10,0.5
3007,1,541,165,1.0,10,0.5
3007,1,543,165,0.0,10,0.5
3007,1,545,165,0.0,10,0.5
3007,1,547,165,0.0,5,0.5
3007,2,564,373,0.0,10,0.5
3007,2,566,373,0.0,10,0.5
3007,2,568,373,0.0,10,0.5
3007,3,592,165,0.0,10,0.5
3007,3,594,165,0.0,10,0.5
3007,3,596,165,0.0,10,0.5
3007,3,598,165,0.0,10,0.5
3007,4,621,2546,0.0,10,0.5
3007,4,623,2546,0.0,10,0.5
3007,4,625,2546,0.0,10,0.5
3007,5,661,165,0.0,10,0.2
3007,5,663,165,1.0,10,0.2
3007,5,665,165,1.0,10,0.2
3007,5,667,165,1.0,5,0.2
3007,6,684,373,0.0,10,0.2
3007,6,686,373,0.0,10,0.2
3007,6,688,373,0.0,10,0.2
3007,7,712,165,0.0,10,0.2
3007,7,714,165,1.0,10,0.2
3007,7,716,165,1.0,10,0.2
3007,7,718,165,0.0,10,0.2
3007,8,742,2546,0.0,10,0.2
3007,8,744,2546,0.0,10,0.2
3007,8,746,2546,0.0,5,0.2
3007,9,781,165,1.0,10,0.2
3007,9,783,165,1.0,10,0.2
3007,9,785,165,1.0,10,0.2
3007,9,787,165,0.0,5,0.2
3007,10,804,373,0.0,10,0.2
3007,10,806,373,0.0,10,0.2
3007,10,808,373,0.0,10,0.2
3007,11,832,165,1.0,10,0.2
3007,11,834,165,0.0,10,0.2
3007,11,836,165,0.0,10,0.2
3007,11,838,165,1.0,10,0.2
3007,12,901,165,1.0,10,0.2
3007,12,903,165,1.0,10,0.2
3007,12,905,165,0.0,10,0.2
3007,12,907,165,1.0,5,0.2
3007,13,924,373,0.0,10,0.2
3007,13,926,373,0.0,10,0.2
3007,13,928,373,0.0,10,0.2
3007,14,952,165,1.0,10,0.2
3007,14,954,165,1.0,10,0.2
3007,14,956,165,1.0,10,0.2
3007,14,958,165,1.0,10,0.2
3007,15,1020,165,0.0,10,0.2
3007,15,1022,165,1.0,10,0.2
3007,15,1024,165,0.0,10,0.2
3007,15,1026,165,1.0,10,0.2
3007,16,1044,373,0.0,10,0.2
3007,16,1046,373,0.0,10,0.2
3007,16,1048,373,0.0,10,0.2
3007,17,1072,165,1.0,10,0.2
3007,17,1074,165,1.0,10,0.2
3007,17,1076,165,1.0,10,0.2
3007,17,1078,165,0.0,10,0.2
3007,18,1110,2546,0.0,10,0.5
3007,18,1112,2546,0.0,10,0.5
3007,18,1114,2546,0.0,5,0.5
3007,19,1140,165,0.0,10,0.5
3007,19,1142,165,0.0,10,0.5
3007,19,1144,165,0.0,10,0.5
3007,19,1146,165,0.0,10,0.5
3007,20,1161,373,0.0,10,0.5
3007,20,1163,373,0.0,10,0.5
3007,20,1165,373,0.0,10,0.5
3007,20,1167,373,0.0,10,0.5
3007,20,1169,373,0.0,5,0.5
3007,21,1192,165,0.0,10,0.5
3007,21,1194,165,0.0,10,0.5
3007,21,1196,165,0.0,10,0.5
3007,21,1198,165,0.0,10,0.5
3007,22,1229,2546,0.0,10,0.5
3007,22,1231,2546,0.0,10,0.5
3007,22,1233,2546,0.0,10,0.5
3007,23,1314,165,0.0,10,0.1
3007,23,1316,165,0.0,10,0.1
3007,23,1318,165,0.0,10,0.1
3008,0,504,373,0.0,10,0.5
3008,0,506,373,0.0,10,0.5
3008,0,508,373,0.0,10,0.5
3008,1,532,165,0.0,10,0.5
3008,1,534,165,0.0,10,0.5
3008,1,536,165,0.0,10,0.5
3008,1,538,165,0.0,10,0.5
3008,2,597,165,1.0,10,0.5
3008,2,599,165,0.0,10,0.5
3008,2,601,165,1.0,10,0.5
3008,2,603,165,0.0,10,0.5
3008,2,605,165,0.0,10,0.5
3008,2,607,165,1.0,5,0.5
3008,3,624,373,0.0,10,0.5
3008,3,626,373,0.0,10,0.5
3008,3,628,373,0.0,10,0.5
3008,4,652,165,1.0,10,0.5
3008,4,654,165,0.0,10,0.5
3008,4,656,165,0.0,10,0.5
3008,4,658,165,0.0,10,0.5
3008,5,717,165,0.0,10,0.2
3008,5,719,165,1.0,10,0.2
3008,5,721,165,1.0,10,0.2
3008,5,723,165,1.0,10,0.2
3008,5,725,165,1.0,10,0.2
3008,5,727,165,0.0,5,0.2
3008,6,744,373,0.0,10,0.2
3008,6,746,373,0.0,10,0.2
3008,6,748,373,0.0,10,0.2
3008,7,772,165,1.0,10,0.2
3008,7,774,165,0.0,10,0.2
3008,7,776,165,1.0,10,0.2
3008,7,778,165,0.0,10,0.2
3008,8,837,165,1.0,10,0.2
3008,8,839,165,1.0,10,0.2
3008,8,841,165,1.0,10,0.2
3008,8,843,165,1.0,10,0.2
3008,8,845,165,1.0,10,0.2
3008,8,847,165,1.0,5,0.2
3008,9,864,373,0.0,10,0.2
3008,9,866,373,0.0,10,0.2
3008,9,868,373,0.0,10,0.2
3008,10,892,165,0.0,10,0.2
3008,10,894,165,0.0,10,0.2
3008,10,896,165,0.0,10,0.2
3008,10,898,165,0.0,10,0.2
3008,11,957,165,1.0,10,0.2
3008,11,959,165,1.0,10,0.2
3008,11,961,165,0.0,10,0.2
3008,11,963,165,1.0,10,0.2
3008,11,965,165,0.0,10,0.2
3008,11,967,165,1.0,5,0.2
3008,12,984,373,0.0,10,0.2
3008,12,986,373,0.0,10,0.2
3008,12,988,373,0.0,10,0.2
3008,13,1012,165,1.0,10,0.2
3008,13,1014,165,0.0,10,0.2
3008,13,1016,165,0.0,10,0.2
3008,13,1018,165,1.0,10,0.2
3008,14,1077,165,1.0,10,0.2
3008,14,1079,165,1.0,10,0.2
3008,14,1081,165,0.0,10,0.5
3008,14,1083,165,0.0,10,0.5
3008,14,1085,165,0.0,10,0.5
3008,14,1087,165,0.0,5,0.5
3008,15,1104,373,0.0,10,0.5
3008,15,1106,373,0.0,10,0.5
3008,15,1108,373,0.0,10,0.5
3008,16,1132,165,0.0,10,0.5
3008,16,1134,165,0.0,10,0.5
3008,16,1136,165,0.0,10,0.5
3008,16,1138,165,0.0,10,0.5
3008,17,1194,165,0.0,10,0.5
3008,17,1196,165,0.0,10,0.5
3008,17,1198,165,0.0,10,0.5
3008,18,1237,165,0.0,10,0.5
3008,18,1239,165,0.0,10,0.5
3008,18,1241,165,0.0,10,0.5
3008,18,1243,165,0.0,10,0.5
3008,19,1282,165,1.0,10,0.1
3008,19,1284,165,1.0,10,0.1
3008,19,1286,165,1.0,10,0.1
3008,19,1288,165,1.0,10,0.1
3008,20,1327,165,0.0,10,0.1
3008,20,1329,165,0.0,10,0.1
3008,20,1331,165,0.0,10,0.1
3008,20,1333,165,0.0,10,0.1
3008,21,1372,165,1.0,10,0.1
3008,21,1374,165,1.0,10,0.1
3008,21,1376,165,1.0,10,0.1
3008,21,1378,165,0.0,10,0.1
3008,22,1417,165,0.0,10,0.1
3008,22,1419,165,0.0,10,0.1
3008,22,1421,165,0.0,10,0.1
3008,22,1423,165,0.0,10,0.1
3008,23,1462,165,0.0,10,0.1
3008,23,1464,165,0.0,10,0.1
3008,23,1466,165,0.0,10,0.1
3008,23,1468,165,0.0,10,0.1
3008,24,1507,165,0.0,10,0.1
3008,24,1509,165,0.0,10,0.1
3008,24,1511,165,0.0,10,0.1
3008,24,1513,165,0.0,10,0.1
3009,0,532,3588,0.0,10,0.5
3009,0,534,3588,0.0,10,0.5
3009,0,536,3588,1.0,10,0.5
3009,0,538,3588,1.0,10,0.5
3009,1,598,3588,1.0,10,0.5
3009,1,600,3588,0.0,10,0.5
3009,1,602,3588,0.0,10,0.5
3009,1,604,3588,1.0,5,0.5
3009,2,652,3588,0.0,10,0.5
3009,2,654,3588,0.0,10,0.5
3009,2,656,3588,0.0,10,0.5
3009,2,658,3588,0.0,10,0.5
3010,0,622,165,0.0,10,0.5
3010,0,624,165,0.0,10,0.5
3010,0,626,165,0.0,10,0.5
3010,0,628,165,0.0,10,0.5
3010,1,667,165,0.0,10,0.2
3010,1,669,165,0.0,10,0.2
3010,1,671,165,0.0,10,0.2
3010,1,673,165,0.0,10,0.2
3010,2,712,165,0.0,10,0.2
3010,2,714,165,0.0,10,0.2
3010,2,716,165,0.0,10,0.2
3010,2,718,165,0.0,10,0.2
3010,3,757,165,1.0,10,0.2
3010,3,759,165,0.0,10,0.2
3010,3,761,165,1.0,10,0.2
3010,3,763,165,0.0,10,0.2
3010,4,802,165,1.0,10,0.2
3010,4,804,165,1.0,10,0.2
3010,4,806,165,0.0,10,0.2
3010,4,808,165,1.0,10,0.2
3010,5,847,165,0.0,10,0.2
3010,5,849,165,0.0,10,0.2
3010,5,851,165,0.0,10,0.2
3010,5,853,165,0.0,10,0.2
3010,6,892,165,0.0,10,0.2
3010,6,894,165,0.0,10,0.2
3010,6,896,165,0.0,10,0.2
3010,6,898,165,0.0,10,0.2
3010,7,937,165,1.0,10,0.2
3010,7,939,165,1.0,10,0.2
3010,7,941,165,1.0,10,0.2
3010,7,943,165,0.0,10,0.2
3010,8,982,165,1.0,10,0.2
3010,8,984,165,1.0,10,0.2
3010,8,986,165,0.0,10,0.2
3010,8,988,165,0.0,10,0.2
3010,9,1027,165,0.0,10,0.2
3010,9,1029,165,0.0,10,0.2
3010,9,1031,165,0.0,10,0.2
3010,9,1033,165,0.0,10,0.2
3010,10,1072,165,0.0,10,0.2
3010,10,1074,165,0.0,10,0.2
3010,10,1076,165,0.0,10,0.2
3010,10,1078,165,0.0,10,0.2
3010,11,1117,165,0.0,10,0.5
3010,11,1119,165,0.0,10,0.5
3010,11,1121,165,0.0,10,0.5
3010,11,1123,165,0.0,10,0.5
3011,0,646,165,0.0,10,0.5
3011,0,648,165,0.0,10,0.5
3011,0,650,165,1.0,10,0.5
3011,0,652,165,0.0,10,0.5
3011,0,654,165,0.0,5,0.5
3011,1,716,165,1.0,10,0.2
3011,1,718,165,1.0,10,0.2
3011,1,720,165,1.0,10,0.2
3011,1,722,165,1.0,10,0.2
3011,1,724,165,0.0,5,0.2
3011,2,775,165,0.0,10,0.2
3011,2,777,165,0.0,10,0.2
3011,2,779,165,0.0,10,0.2
3011,2,781,165,0.0,10,0.2
3011,2,783,165,0.0,5,0.2
3013,0,1272,100,0.0,10,0.1
3013,0,1274,100,0.0,10,0.1
3013,0,1276,100,0.0,10,0.1
3013,1,1312,100,0.0,10,0.1
3013,1,1314,100,0.0,10,0.1
3013,1,1316,100,0.0,10,0.1
3013,2,1352,100,0.0,10,0.1
3013,2,1354,100,0.0,10,0.1
3013,2,1356,100,0.0,10,0.1
3015,0,832,3588,1.0,10,0.2
3015,0,834,3588,1.0,10,0.2
3015,0,836,3588,1.0,10,0.2
3015,0,838,3588,1.0,10,0.2
3015,1,898,3588,0.0,10,0.2
3015,1,900,3588,0.0,10,0.2
3015,1,902,3588,0.0,10,0.2
3015,1,904,3588,0.0,5,0.2
3015,2,952,3588,1.0,10,0.2
3015,2,954,3588,1.0,10,0.2
3015,2,956,3588,1.0,10,0.2
3015,2,958,3588,1.0,10,0.2
3015,3,1018,3588,0.0,10,0.2
3015,3,1020,3588,0.0,10,0.2
3015,3,1022,3588,0.0,10,0.2
3015,3,1024,3588,0.0,5,0.2
